REF_AREA,AREA_LABEL,SOURCE_LABEL,TOTAL,TIME
,Afghanistan,LFS - Labour Force Survey,19.257,2021
,Afghanistan,HIES - Households Living Conditions Survey,4.648,2017
,Angola,LFS - Employment Survey,49.309,2025
,Angola,LFS - Employment Survey,56.379,2024
,Angola,LFS - Employment Survey,52.248,2023
,Angola,LFS - Employment Survey,49.472,2022
,Angola,LFS - Employment Survey,34.663,2021
,Angola,LFS - Employment Survey,38.645,2020
,Angola,LFS - Employment Survey,31.686,2019
,Angola,PC - Population Census,17.226,2014
,Angola,LFS - Employment Survey,165.535,2011
,Angola,LFS - Employment Survey,183.42,2010
,Angola,HS - Core Welfare Indicators Questionnaire,13.048,2004
,Albania,LFS - Labour Force Survey,18.162,2024
,Albania,LFS - Labour Force Survey,21.281,2023
,Albania,LFS - Labour Force Survey,18.953,2022
,Albania,LFS - Labour Force Survey,16.328,2021
,Albania,LFS - Labour Force Survey,15.587,2020
,Albania,LFS - Labour Force Survey,13.682,2019
,Albania,LFS - Labour Force Survey,12.541,2018
,Albania,LFS - Labour Force Survey,10.824,2017
,Albania,LFS - Labour Force Survey,14.859,2016
,Albania,LFS - Labour Force Survey,8.239,2015
,Albania,LFS - Labour Force Survey,13.255,2014
,Netherlands Antilles,LFS - Labour Force Survey,0,2011
,Netherlands Antilles,LFS - Labour Force Survey,0,2009
,United Arab Emirates,LFS - Labour Force Survey,214.787,2024
,United Arab Emirates,LFS - Labour Force Survey,234.284,2023
,United Arab Emirates,LFS - Labour Force Survey,210.344,2022
,United Arab Emirates,LFS - Labour Force Survey,183.501,2021
,United Arab Emirates,LFS - Labour Force Survey,192.053,2020
,United Arab Emirates,LFS - Labour Force Survey,160.034,2019
,United Arab Emirates,LFS - Labour Force Survey,142.661,2018
,United Arab Emirates,LFS - Labour Force Survey,42.394,2017
,United Arab Emirates,LFS - Labour Force Survey,102.267,2016
,Argentina,"LFS - Permanent Household Survey, Urban",332.672,2024
,Argentina,"LFS - Permanent Household Survey, Urban",286.364,2023
,Argentina,"LFS - Permanent Household Survey, Urban",271.486,2022
,Argentina,"LFS - Permanent Household Survey, Urban",293.729,2021
,Argentina,"LFS - Permanent Household Survey, Urban",250.393,2020
,Argentina,"LFS - Permanent Household Survey, Urban",250.324,2019
,Argentina,"LFS - Permanent Household Survey, Urban",196.052,2018
,Argentina,"LFS - Permanent Household Survey, Urban",182.089,2017
,Argentina,"LFS - Permanent Household Survey, Urban",237.625,2014
,Argentina,"LFS - Permanent Household Survey, Urban",232.772,2013
,Argentina,"LFS - Permanent Household Survey, Urban",242.345,2012
,Argentina,"LFS - Permanent Household Survey, Urban",244.095,2011
,Armenia,HIES - Households Living Conditions Survey,27.838,2023
,Armenia,HIES - Households Living Conditions Survey,23.774,2022
,Armenia,HIES - Households Living Conditions Survey,18.579,2021
,Armenia,HIES - Households Living Conditions Survey,16.983,2020
,Armenia,HIES - Households Living Conditions Survey,19.151,2019
,Armenia,HIES - Households Living Conditions Survey,18.756,2018
,Armenia,LFS - Household Labour Force Survey,19.191,2017
,Armenia,LFS - Household Labour Force Survey,19.154,2016
,Armenia,LFS - Household Labour Force Survey,19.084,2015
,Armenia,LFS - Household Labour Force Survey,20.081,2014
,Armenia,HIES - Households Living Conditions Survey,21.265,2013
,Armenia,HIES - Households Living Conditions Survey,22.31,2012
,Armenia,HIES - Households Living Conditions Survey,17.142,2011
,Armenia,HIES - Households Living Conditions Survey,22.177,2010
,Australia,LFS - Labour Force Survey,525.569,2024
,Australia,LFS - Labour Force Survey,515.226,2023
,Australia,LFS - Labour Force Survey,525.218,2022
,Australia,LFS - Labour Force Survey,465.571,2021
,Australia,LFS - Labour Force Survey,454.042,2020
,Australia,LFS - Labour Force Survey,442.89,2019
,Australia,LFS - Labour Force Survey,453.211,2018
,Australia,LFS - Labour Force Survey,428.75,2017
,Australia,LFS - Labour Force Survey,401.402,2016
,Australia,LFS - Labour Force Survey,399.538,2015
,Australia,LFS - Labour Force Survey,382.227,2014
,Australia,LFS - Labour Force Survey,367.867,2013
,Australia,LFS - Labour Force Survey,390.646,2012
,Australia,LFS - Labour Force Survey,363.015,2011
,Australia,LFS - Labour Force Survey,351.719,2010
,Australia,LFS - Labour Force Survey,355.298,2009
,Australia,LFS - Labour Force Survey,341.333,2008
,Australia,LFS - Labour Force Survey,347.695,2007
,Australia,LFS - Labour Force Survey,344.657,2006
,Australia,LFS - Labour Force Survey,333.061,2005
,Australia,LFS - Labour Force Survey,318.565,2004
,Australia,LFS - Labour Force Survey,330.826,2003
,Australia,LFS - Labour Force Survey,327.945,2002
,Australia,LFS - Labour Force Survey,332.711,2001
,Australia,LFS - Labour Force Survey,328.524,2000
,Australia,LFS - Labour Force Survey,258.265,1999
,Australia,LFS - Labour Force Survey,250.544,1998
,Australia,LFS - Labour Force Survey,244.272,1997
,Australia,LFS - Labour Force Survey,246.95,1996
,Australia,LFS - Labour Force Survey,220.975,1995
,Australia,LFS - Labour Force Survey,203.021,1994
,Australia,LFS - Labour Force Survey,179.911,1993
,Australia,LFS - Labour Force Survey,185.689,1992
,Australia,LFS - Labour Force Survey,187.09,1991
,Austria,LFS - Labour Force Survey,171.279,2025
,Austria,LFS - Labour Force Survey,158.279,2024
,Austria,LFS - Labour Force Survey,160.726,2023
,Austria,LFS - Labour Force Survey,159.845,2022
,Austria,LFS - Labour Force Survey,138.86,2021
,Austria,LFS - Labour Force Survey,128.524,2020
,Austria,LFS - Labour Force Survey,128.358,2019
,Austria,LFS - Labour Force Survey,131.853,2018
,Austria,LFS - Labour Force Survey,133.546,2017
,Austria,LFS - Labour Force Survey,131.851,2016
,Austria,LFS - Labour Force Survey,117.022,2015
,Austria,LFS - Labour Force Survey,120.646,2014
,Austria,LFS - Labour Force Survey,112.704,2013
,Austria,LFS - Labour Force Survey,103.16,2012
,Austria,LFS - Labour Force Survey,100.075,2011
,Azerbaijan,LFS - Labour Force Survey,60.168,2022
,Azerbaijan,LFS - Labour Force Survey,59.569,2021
,Azerbaijan,LFS - Labour Force Survey,58.638,2020
,Azerbaijan,LFS - Labour Force Survey,60.309,2019
,Azerbaijan,LFS - Labour Force Survey,62.8,2018
,Azerbaijan,LFS - Labour Force Survey,61.733,2017
,Azerbaijan,LFS - Labour Force Survey,61.2,2016
,Azerbaijan,LFS - Labour Force Survey,60.3,2015
,Azerbaijan,LFS - Labour Force Survey,59.202,2014
,Azerbaijan,LFS - Labour Force Survey,58.1,2013
,Azerbaijan,LFS - Labour Force Survey,58.7,2012
,Azerbaijan,LFS - Labour Force Survey,58,2011
,Azerbaijan,LFS - Labour Force Survey,55.775,2010
,Azerbaijan,LFS - Labour Force Survey,34.004,2009
,Burundi,HIES - Living Standards Survey,4.829,2020
,Burundi,HIES - Living Standards Survey,4.261,2017
,Burundi,HIES - Living Standards Survey,4.052,2014
,Belgium,LFS - EU Labour Force Survey,219.8,2025
,Belgium,LFS - EU Labour Force Survey,200.621,2024
,Belgium,LFS - EU Labour Force Survey,183.454,2023
,Belgium,LFS - EU Labour Force Survey,196.385,2022
,Belgium,LFS - EU Labour Force Survey,202.939,2021
,Belgium,LFS - EU Labour Force Survey,174.126,2020
,Belgium,LFS - EU Labour Force Survey,154.222,2019
,Belgium,LFS - EU Labour Force Survey,151.483,2018
,Belgium,LFS - EU Labour Force Survey,143.983,2017
,Belgium,LFS - EU Labour Force Survey,140.445,2016
,Belgium,LFS - EU Labour Force Survey,141.811,2015
,Belgium,LFS - EU Labour Force Survey,144.061,2014
,Belgium,LFS - EU Labour Force Survey,141.407,2013
,Belgium,LFS - EU Labour Force Survey,150.372,2012
,Belgium,LFS - EU Labour Force Survey,138.043,2011
,Belgium,LFS - EU Labour Force Survey,152.817,2010
,Belgium,LFS - EU Labour Force Survey,140.591,2009
,Belgium,LFS - EU Labour Force Survey,129.723,2008
,Benin,HIES - Monitoring Survey of the Modular and Integrated Survey of Household Living Conditions,20.94,2022
,Burkina Faso,LFS - Regional Integrated Survey on Employment and the Informal Sector,10.091,2023
,Burkina Faso,HIES - Harmonized Survey on Household Living Conditions,9.373,2022
,Burkina Faso,LFS - Regional Integrated Survey on Employment and the Informal Sector,14.906,2018
,Bangladesh,LFS - Labour Force Survey,257.232,2024
,Bangladesh,LFS - Labour Force Survey,251.212,2023
,Bangladesh,LFS - Labour Force Survey,255.542,2022
,Bangladesh,LFS - Labour Force Survey,167.514,2017
,Bangladesh,LFS - Labour Force Survey,179.025,2016
,Bangladesh,LFS - Labour Force Survey,143.713,2013
,Bangladesh,LFS - Labour Force Survey,54.869,2010
,Bulgaria,LFS - EU Labour Force Survey,129.3,2025
,Bulgaria,LFS - EU Labour Force Survey,116.169,2024
,Bulgaria,LFS - EU Labour Force Survey,120.429,2023
,Bulgaria,LFS - EU Labour Force Survey,104.339,2022
,Bulgaria,LFS - EU Labour Force Survey,95.593,2021
,Bulgaria,LFS - EU Labour Force Survey,90.816,2020
,Bulgaria,LFS - EU Labour Force Survey,96.892,2019
,Bulgaria,LFS - EU Labour Force Survey,105.25,2018
,Bulgaria,LFS - EU Labour Force Survey,85.471,2017
,Bulgaria,LFS - EU Labour Force Survey,94.049,2016
,Bulgaria,LFS - EU Labour Force Survey,82.396,2015
,Bulgaria,LFS - EU Labour Force Survey,74.36,2014
,Bulgaria,LFS - EU Labour Force Survey,81.361,2013
,Bulgaria,LFS - EU Labour Force Survey,62.862,2012
,Bulgaria,LFS - EU Labour Force Survey,70.058,2011
,Bulgaria,LFS - EU Labour Force Survey,78.399,2010
,Bulgaria,LFS - EU Labour Force Survey,68.152,2009
,Bulgaria,LFS - EU Labour Force Survey,72.003,2008
,Bahrain,OE - Estimates of Central informatics organization,7.965,2015
,Bahrain,PC - Population Census,7.136,2010
,Bahamas,LFS - Labour Force & Household Survey,4.558,2019
,Bosnia and Herzegovina,LFS - Labour Force Survey,37.57,2024
,Bosnia and Herzegovina,LFS - Labour Force Survey,37.034,2023
,Bosnia and Herzegovina,LFS - Labour Force Survey,30.531,2022
,Bosnia and Herzegovina,LFS - Labour Force Survey,23.017,2021
,Bosnia and Herzegovina,LFS - Labour Force Survey,19.17,2020
,Bosnia and Herzegovina,LFS - Labour Force Survey,16.854,2019
,Bosnia and Herzegovina,LFS - Labour Force Survey,13.59,2018
,Bosnia and Herzegovina,LFS - Labour Force Survey,13.522,2017
,Bosnia and Herzegovina,LFS - Labour Force Survey,15.884,2016
,Bosnia and Herzegovina,LFS - Labour Force Survey,12.128,2015
,Bosnia and Herzegovina,LFS - Labour Force Survey,15.118,2014
,Bosnia and Herzegovina,LFS - Labour Force Survey,16.14,2013
,Bosnia and Herzegovina,LFS - Labour Force Survey,12.955,2012
,Belarus,LFS - Labour Force Survey,108.207,2024
,Belarus,LFS - Labour Force Survey,103.622,2023
,Belarus,LFS - Labour Force Survey,113.026,2022
,Belarus,LFS - Labour Force Survey,115.575,2021
,Belarus,LFS - Labour Force Survey,122.541,2020
,Belarus,LFS - Labour Force Survey,100.748,2019
,Belarus,LFS - Labour Force Survey,98.221,2018
,Belarus,LFS - Labour Force Survey,96.969,2017
,Belarus,LFS - Labour Force Survey,96.955,2016
,Belize,LFS - Labour Force Survey,1.958,2014
,Bolivia (Plurinational State of),LFS - Continuous Employment Survey,36.141,2024
,Bolivia (Plurinational State of),LFS - Continuous Employment Survey,31.884,2023
,Bolivia (Plurinational State of),LFS - Continuous Employment Survey,29.221,2022
,Bolivia (Plurinational State of),LFS - Continuous Employment Survey,27.511,2021
,Bolivia (Plurinational State of),HIES - Household Survey,41.56,2020
,Bolivia (Plurinational State of),LFS - Continuous Employment Survey,40.813,2019
,Bolivia (Plurinational State of),LFS - Continuous Employment Survey,39.564,2018
,Bolivia (Plurinational State of),LFS - Continuous Employment Survey,39.338,2017
,Bolivia (Plurinational State of),LFS - Continuous Employment Survey,39.16,2016
,Bolivia (Plurinational State of),HIES - Household Survey,41.153,2015
,Bolivia (Plurinational State of),HIES - Household Survey,53.967,2014
,Bolivia (Plurinational State of),HIES - Household Survey,49.497,2013
,Bolivia (Plurinational State of),HIES - Household Survey,50.72,2012
,Bolivia (Plurinational State of),HIES - Household Survey,57.781,2011
,Brazil,HS - Continuous National Household Sample Survey,1779.471,2025
,Brazil,HS - Continuous National Household Sample Survey,1849.944,2024
,Brazil,HS - Continuous National Household Sample Survey,1764.048,2023
,Brazil,HS - Continuous National Household Sample Survey,1700.633,2022
,Brazil,HS - Continuous National Household Sample Survey,1580.308,2021
,Brazil,HS - Continuous National Household Sample Survey,1415.384,2020
,Brazil,HS - Continuous National Household Sample Survey,1338.403,2019
,Brazil,HS - Continuous National Household Sample Survey,1260.388,2018
,Brazil,HS - Continuous National Household Sample Survey,1246.687,2017
,Brazil,HS - Continuous National Household Sample Survey,1231.575,2016
,Brazil,HS - Continuous National Household Sample Survey,1271.451,2015
,Brazil,HS - Continuous National Household Sample Survey,1289.585,2014
,Brazil,HS - Continuous National Household Sample Survey,1264.224,2013
,Brazil,HS - Continuous National Household Sample Survey,1239.594,2012
,Barbados,LFS - Labour Force Survey,1.689,2023
,Barbados,LFS - Labour Force Survey,1.837,2022
,Barbados,LFS - Labour Force Survey,2.104,2019
,Barbados,LFS - Labour Force Survey,2.13,2018
,Barbados,LFS - Labour Force Survey,2.175,2017
,Barbados,LFS - Labour Force Survey,2.513,2016
,Barbados,LFS - Labour Force Survey,2.887,2015
,Barbados,LFS - Labour Force Survey,5.975,2014
,Barbados,LFS - Labour Force Survey,6.675,2013
,Barbados,LFS - Labour Force Survey,4.95,2012
,Barbados,LFS - Labour Force Survey,5.675,2011
,Barbados,LFS - Labour Force Survey,5.35,2010
,Brunei Darussalam,LFS - Labour Force Survey,4.501,2024
,Brunei Darussalam,LFS - Labour Force Survey,4.242,2023
,Brunei Darussalam,LFS - Labour Force Survey,4.591,2022
,Brunei Darussalam,LFS - Labour Force Survey,5.146,2021
,Brunei Darussalam,LFS - Labour Force Survey,4.752,2020
,Brunei Darussalam,LFS - Labour Force Survey,4.819,2019
,Brunei Darussalam,LFS - Labour Force Survey,5.071,2018
,Brunei Darussalam,LFS - Labour Force Survey,4.669,2017
,Brunei Darussalam,LFS - Labour Force Survey,4.984,2014
,Bhutan,LFS - Labour Force Survey,3.507,2024
,Bhutan,LFS - Labour Force Survey,2.949,2023
,Bhutan,LFS - Labour Force Survey,2.726,2022
,Bhutan,LFS - Labour Force Survey,1.946,2021
,Bhutan,LFS - Labour Force Survey,2.661,2020
,Bhutan,LFS - Labour Force Survey,2.727,2019
,Bhutan,LFS - Labour Force Survey,2.576,2018
,Botswana,HS - Multi-Topic Household Survey,6.043,2024
,Botswana,HS - Multi-Topic Household Survey,7.014,2023
,Botswana,HS - Multi-Topic Household Survey,7.508,2022
,Botswana,HS - Multi-Topic Household Survey,5.506,2021
,Botswana,HS - Multi-Topic Household Survey,6.236,2020
,Botswana,HS - Multi-Topic Household Survey,6.306,2019
,Botswana,PC - Population Census,16.96,2011
,Botswana,"HS - Core Welfare Indicators Survey, Poverty",7.477,2010
,Switzerland,LFS - Labour Force Survey,180.2,2025
,Switzerland,LFS - Labour Force Survey,191.324,2024
,Switzerland,LFS - Labour Force Survey,190.576,2023
,Switzerland,LFS - Labour Force Survey,192.624,2022
,Switzerland,LFS - Labour Force Survey,179.705,2021
,Switzerland,LFS - Labour Force Survey,183.887,2020
,Switzerland,LFS - Labour Force Survey,174.002,2019
,Switzerland,LFS - Labour Force Survey,168.292,2018
,Switzerland,LFS - Labour Force Survey,158.909,2017
,Switzerland,LFS - Labour Force Survey,163.818,2016
,Switzerland,LFS - Labour Force Survey,148.996,2015
,Switzerland,LFS - Labour Force Survey,158.814,2014
,Switzerland,LFS - Labour Force Survey,144.571,2013
,Switzerland,LFS - Labour Force Survey,141.366,2012
,Switzerland,LFS - Labour Force Survey,139.298,2011
,Switzerland,LFS - Labour Force Survey,131.427,2010
,Switzerland,LFS - Labour Force Survey,142.245,2009
,Switzerland,LFS - Labour Force Survey,110.356,1995
,Switzerland,LFS - Labour Force Survey,102.416,1994
,Switzerland,LFS - Labour Force Survey,100.524,1993
,Switzerland,LFS - Labour Force Survey,104.761,1992
,Switzerland,LFS - Labour Force Survey,105.648,1991
,Chile,LFS - National Employment Survey,225.605,2025
,Chile,LFS - National Employment Survey,200.662,2024
,Chile,LFS - National Employment Survey,191.995,2023
,Chile,LFS - National Employment Survey,202.404,2022
,Chile,LFS - National Employment Survey,202.174,2021
,Chile,LFS - National Employment Survey,158.859,2020
,Chile,LFS - National Employment Survey,157.716,2019
,Chile,LFS - National Employment Survey,177.929,2018
,Chile,LFS - National Employment Survey,169.279,2017
,Chile,LFS - National Employment Survey,151.651,2016
,Chile,LFS - National Employment Survey,153.729,2015
,Chile,LFS - National Employment Survey,172.683,2014
,Chile,LFS - National Employment Survey,166.247,2013
,Côte d'Ivoire,LFS - National Survey on the Employment Situation,84.336,2019
,Côte d'Ivoire,LFS - Regional Integrated Survey on Employment and the Informal Sector,85.905,2017
,Cameroon,HS - Household Survey,79.805,2021
,Cameroon,HS - Household Survey,102.01,2014
,Cameroon,HS - Household Survey,68.697,2007
,"Congo, Democratic Republic of the",LFS - Survey on Employment and household's living conditions,675.676,2012
,Congo,LFS - Employment Survey,111.722,2009
,Cook Islands,LFS - Labour Force Survey,0.22,2023
,Cook Islands,LFS - Labour Force Survey,0.207,2019
,Cook Islands,HIES - Household Income and Expenditure Survey,0.26,2016
,Colombia,LFS - Integrated Household Survey,406.199,2025
,Colombia,LFS - Integrated Household Survey,405.999,2024
,Colombia,LFS - Integrated Household Survey,402.938,2023
,Colombia,LFS - Integrated Household Survey,382.817,2022
,Colombia,LFS - Integrated Household Survey,311.597,2021
,Colombia,LFS - Integrated Household Survey,290.522,2020
,Comoros,LFS - National Survey on Employment and the Informal Sector,1.152,2021
,Comoros,LFS - National Survey on Employment and the Informal Sector,2.855,2014
,Cabo Verde,LFS - Continuous Multi-Objective Survey Employment and Labor Market Statistics,2.836,2019
,Cabo Verde,LFS - Continuous Multi-Objective Survey Employment and Labor Market Statistics,2.443,2018
,Cabo Verde,LFS - Continuous Multi-Objective Survey Employment and Labor Market Statistics,2.688,2017
,Cabo Verde,LFS - Continuous Multi-Objective Survey Employment and Labor Market Statistics,2.237,2015
,Cabo Verde,LFS - Continuous Multi-Objective Survey Employment and Labor Market Statistics,1.531,2009
,Costa Rica,LFS - Continuous Employment Survey,51.605,2025
,Costa Rica,LFS - Continuous Employment Survey,57.093,2024
,Costa Rica,LFS - Continuous Employment Survey,43.694,2023
,Costa Rica,LFS - Continuous Employment Survey,45.778,2022
,Costa Rica,LFS - Continuous Employment Survey,43.138,2021
,Costa Rica,LFS - Continuous Employment Survey,37.27,2020
,Costa Rica,LFS - Continuous Employment Survey,43.855,2019
,Costa Rica,LFS - Continuous Employment Survey,35.706,2018
,Costa Rica,LFS - Continuous Employment Survey,38.455,2017
,Curaçao,LFS - Labour Force Survey,1.823,2018
,Cayman Islands,LFS - Labour Force Survey,0.913,2015
,Cayman Islands,LFS - Labour Force Survey,0.89,2014
,Cayman Islands,LFS - Labour Force Survey,0.912,2013
,Cayman Islands,LFS - Labour Force Survey,0.943,2012
,Cayman Islands,LFS - Labour Force Survey,0.614,2011
,Cyprus,LFS - Labour Force Survey,25.7,2025
,Cyprus,LFS - Labour Force Survey,25.998,2024
,Cyprus,LFS - Labour Force Survey,27.204,2023
,Cyprus,LFS - Labour Force Survey,18.987,2022
,Cyprus,LFS - Labour Force Survey,15.358,2021
,Cyprus,LFS - Labour Force Survey,12.082,2020
,Cyprus,LFS - Labour Force Survey,10.865,2019
,Cyprus,LFS - Labour Force Survey,11.762,2018
,Cyprus,LFS - Labour Force Survey,10.745,2017
,Cyprus,LFS - Labour Force Survey,9.711,2016
,Cyprus,LFS - Labour Force Survey,9.336,2015
,Cyprus,LFS - Labour Force Survey,9.459,2014
,Cyprus,LFS - Labour Force Survey,8.942,2013
,Cyprus,LFS - Labour Force Survey,10.361,2012
,Cyprus,LFS - Labour Force Survey,10.017,2011
,Cyprus,LFS - Labour Force Survey,8.352,2010
,Cyprus,LFS - Labour Force Survey,8.203,2009
,Cyprus,LFS - Labour Force Survey,9.178,2008
,Czechia,LFS - Labour Force Sample Survey,211.2,2025
,Czechia,LFS - Labour Force Sample Survey,186.778,2024
,Czechia,LFS - Labour Force Sample Survey,170.106,2023
,Czechia,LFS - Labour Force Sample Survey,187.593,2022
,Czechia,LFS - Labour Force Sample Survey,210.536,2021
,Czechia,LFS - Labour Force Sample Survey,180.146,2020
,Czechia,LFS - Labour Force Sample Survey,169.903,2019
,Czechia,LFS - Labour Force Sample Survey,169.751,2018
,Czechia,LFS - Labour Force Sample Survey,149.327,2017
,Czechia,LFS - Labour Force Sample Survey,147.569,2016
,Czechia,LFS - Labour Force Sample Survey,141.5,2015
,Czechia,LFS - Labour Force Sample Survey,148.731,2014
,Czechia,LFS - Labour Force Sample Survey,139.775,2013
,Czechia,LFS - Labour Force Sample Survey,125.335,2012
,Czechia,LFS - Labour Force Sample Survey,145.425,2011
,Czechia,LFS - Labour Force Sample Survey,137.111,2010
,Czechia,LFS - Labour Force Sample Survey,129.2,2009
,Czechia,LFS - Labour Force Sample Survey,117.868,2008
,Czechia,LFS - Labour Force Sample Survey,286.484,1999
,Czechia,LFS - Labour Force Sample Survey,286.009,1998
,Czechia,LFS - Labour Force Sample Survey,191.153,1997
,Czechia,LFS - Labour Force Sample Survey,199.042,1996
,Czechia,LFS - Labour Force Sample Survey,195.925,1995
,Czechia,LFS - Labour Force Sample Survey,188.33,1994
,Czechia,LFS - Labour Force Sample Survey,198.279,1993
,Germany,LFS - EU Labour Force Survey,1683.3,2025
,Germany,LFS - EU Labour Force Survey,1751.959,2024
,Germany,LFS - EU Labour Force Survey,1681.276,2023
,Germany,LFS - EU Labour Force Survey,1625.853,2022
,Germany,LFS - EU Labour Force Survey,1575.273,2021
,Germany,LFS - EU Labour Force Survey,1663.061,2020
,Germany,LFS - EU Labour Force Survey,1353.241,2019
,Germany,LFS - EU Labour Force Survey,1336.703,2018
,Germany,LFS - EU Labour Force Survey,1255.803,2017
,Germany,LFS - EU Labour Force Survey,1258.987,2016
,Germany,LFS - EU Labour Force Survey,1199.763,2015
,Germany,LFS - EU Labour Force Survey,1164.76,2014
,Germany,LFS - EU Labour Force Survey,1142.026,2013
,Germany,LFS - EU Labour Force Survey,1292.299,2012
,Germany,LFS - EU Labour Force Survey,1234.898,2011
,Germany,LFS - EU Labour Force Survey,1228.741,2010
,Germany,LFS - EU Labour Force Survey,1195.172,2009
,Germany,LFS - EU Labour Force Survey,1191.8,2008
,Denmark,LFS - EU Labour Force Survey,127.3,2025
,Denmark,LFS - EU Labour Force Survey,127.228,2024
,Denmark,LFS - EU Labour Force Survey,133.28,2023
,Denmark,LFS - EU Labour Force Survey,130.246,2022
,Denmark,LFS - EU Labour Force Survey,122.756,2021
,Denmark,LFS - EU Labour Force Survey,114.772,2020
,Denmark,LFS - EU Labour Force Survey,114.82,2019
,Denmark,LFS - EU Labour Force Survey,103.579,2018
,Denmark,LFS - EU Labour Force Survey,105.999,2017
,Denmark,LFS - EU Labour Force Survey,116.817,2016
,Denmark,LFS - EU Labour Force Survey,113.554,2015
,Denmark,LFS - EU Labour Force Survey,108.493,2014
,Denmark,LFS - EU Labour Force Survey,110.053,2013
,Denmark,LFS - EU Labour Force Survey,106.853,2012
,Denmark,LFS - EU Labour Force Survey,108.735,2011
,Denmark,LFS - EU Labour Force Survey,109.504,2010
,Denmark,LFS - EU Labour Force Survey,103.751,2009
,Denmark,LFS - EU Labour Force Survey,109.135,2008
,Dominican Republic,LFS - Continuous National Labour Force Survey,62.756,2025
,Dominican Republic,LFS - Continuous National Labour Force Survey,50.53,2024
,Dominican Republic,LFS - Continuous National Labour Force Survey,40.789,2023
,Dominican Republic,LFS - Continuous National Labour Force Survey,42.435,2022
,Dominican Republic,LFS - Continuous National Labour Force Survey,45.403,2021
,Dominican Republic,LFS - Continuous National Labour Force Survey,47.564,2020
,Dominican Republic,LFS - Continuous National Labour Force Survey,48.762,2019
,Dominican Republic,LFS - Continuous National Labour Force Survey,51.336,2018
,Dominican Republic,LFS - Continuous National Labour Force Survey,45.23,2017
,Dominican Republic,LFS - Continuous National Labour Force Survey,58.464,2016
,Dominican Republic,LFS - Continuous National Labour Force Survey,53.324,2015
,Algeria,LFS - Household Employment Survey,85.989,2017
,Ecuador,"LFS - National Survey on Employment, Unemployment and Underemployment",71.166,2025
,Ecuador,"LFS - National Survey on Employment, Unemployment and Underemployment",70.218,2024
,Ecuador,"LFS - National Survey on Employment, Unemployment and Underemployment",72.284,2023
,Ecuador,"LFS - National Survey on Employment, Unemployment and Underemployment",65.478,2022
,Ecuador,"LFS - National Survey on Employment, Unemployment and Underemployment",67.622,2021
,Ecuador,"LFS - National Survey on Employment, Unemployment and Underemployment",70.339,2020
,Ecuador,"LFS - National Survey on Employment, Unemployment and Underemployment",73.091,2019
,Ecuador,"LFS - National Survey on Employment, Unemployment and Underemployment",72.324,2018
,Ecuador,"LFS - National Survey on Employment, Unemployment and Underemployment",75.005,2017
,Ecuador,"LFS - National Survey on Employment, Unemployment and Underemployment",78.094,2016
,Ecuador,"LFS - National Survey on Employment, Unemployment and Underemployment",79.008,2015
,Ecuador,"LFS - National Survey on Employment, Unemployment and Underemployment",79.439,2014
,Ecuador,"LFS - National Survey on Employment, Unemployment and Underemployment",88.823,2013
,Egypt,LFS - Labour Force Sample Survey,243.631,2024
,Egypt,LFS - Labour Force Sample Survey,221.819,2023
,Egypt,LFS - Labour Force Sample Survey,235.391,2022
,Egypt,LFS - Labour Force Sample Survey,221.182,2021
,Egypt,LFS - Labour Force Sample Survey,187.339,2020
,Egypt,LFS - Labour Force Sample Survey,210.558,2019
,Egypt,LFS - Labour Force Sample Survey,216.324,2018
,Egypt,LFS - Labour Force Sample Survey,188.762,2017
,Egypt,LFS - Labour Force Sample Survey,188.22,2016
,Egypt,LFS - Labour Force Sample Survey,206.325,2015
,Egypt,LFS - Labour Force Sample Survey,189.9,2014
,Egypt,LFS - Labour Force Sample Survey,188.983,2013
,Egypt,LFS - Labour Force Sample Survey,200.484,2012
,Egypt,LFS - Labour Force Sample Survey,197.662,2011
,Egypt,LFS - Labour Force Sample Survey,211.16,2010
,Egypt,LFS - Labour Force Sample Survey,208.189,2009
,Spain,LFS - EU Labour Force Survey,840.1,2025
,Spain,LFS - EU Labour Force Survey,757.424,2024
,Spain,LFS - EU Labour Force Survey,791.08,2023
,Spain,LFS - EU Labour Force Survey,742.332,2022
,Spain,LFS - EU Labour Force Survey,622.346,2021
,Spain,LFS - EU Labour Force Survey,648.433,2020
,Spain,LFS - EU Labour Force Survey,604.202,2019
,Spain,LFS - EU Labour Force Survey,636.123,2018
,Spain,LFS - EU Labour Force Survey,566.015,2017
,Spain,LFS - EU Labour Force Survey,572.908,2016
,Spain,LFS - EU Labour Force Survey,509.752,2015
,Spain,LFS - EU Labour Force Survey,540.759,2014
,Spain,LFS - EU Labour Force Survey,542.391,2013
,Spain,LFS - EU Labour Force Survey,523.695,2012
,Spain,LFS - EU Labour Force Survey,534.396,2011
,Spain,LFS - EU Labour Force Survey,516.306,2010
,Spain,LFS - EU Labour Force Survey,599.883,2009
,Spain,LFS - EU Labour Force Survey,538.948,2008
,Estonia,LFS - Labour Force Survey,40.2,2025
,Estonia,LFS - Labour Force Survey,40.025,2024
,Estonia,LFS - Labour Force Survey,36.716,2023
,Estonia,LFS - Labour Force Survey,36.703,2022
,Estonia,LFS - Labour Force Survey,31.889,2021
,Estonia,LFS - Labour Force Survey,29.63,2020
,Estonia,LFS - Labour Force Survey,30.708,2019
,Estonia,LFS - Labour Force Survey,28.184,2018
,Estonia,LFS - Labour Force Survey,28.848,2017
,Estonia,LFS - Labour Force Survey,27.307,2016
,Estonia,LFS - Labour Force Survey,24.369,2015
,Estonia,LFS - Labour Force Survey,22.095,2014
,Estonia,LFS - Labour Force Survey,19.72,2013
,Estonia,LFS - Labour Force Survey,18.479,2012
,Estonia,LFS - Labour Force Survey,16.736,2011
,Estonia,LFS - Labour Force Survey,12.723,2010
,Estonia,LFS - Labour Force Survey,14.698,2009
,Estonia,LFS - Labour Force Survey,15.639,2008
,Ethiopia,LFS - National Labor Force Survey,92.4,2021
,Ethiopia,LFS - National Labor Force Survey,59.685,2013
,Finland,LFS - EU Labour Force Survey,135,2025
,Finland,LFS - EU Labour Force Survey,130.701,2024
,Finland,LFS - EU Labour Force Survey,145.86,2023
,Finland,LFS - EU Labour Force Survey,129.152,2022
,Finland,LFS - EU Labour Force Survey,129.216,2021
,Finland,LFS - EU Labour Force Survey,125.821,2020
,Finland,LFS - EU Labour Force Survey,118.962,2019
,Finland,LFS - EU Labour Force Survey,121.357,2018
,Finland,LFS - EU Labour Force Survey,104.26,2017
,Finland,LFS - EU Labour Force Survey,102.797,2016
,Finland,LFS - EU Labour Force Survey,108.077,2015
,Finland,LFS - EU Labour Force Survey,102.401,2014
,Finland,LFS - EU Labour Force Survey,97.783,2013
,Finland,LFS - EU Labour Force Survey,101.765,2012
,Finland,LFS - EU Labour Force Survey,98.617,2011
,Finland,LFS - EU Labour Force Survey,90.814,2010
,Finland,LFS - EU Labour Force Survey,90.504,2009
,Finland,LFS - EU Labour Force Survey,97.561,2008
,Fiji,"LFS - Employment, Unemployment Survey",3.3,2024
,Fiji,"LFS - Employment, Unemployment Survey",1.222,2016
,Fiji,"LFS - Employment, Unemployment Survey",3.319,2014
,"Falkland Islands, Malvinas",PC - Population Census,0.07,2012
,France,LFS - Employment Survey,1116.4,2025
,France,LFS - Employment Survey,1034.686,2024
,France,LFS - Employment Survey,1013.51,2023
,France,LFS - Employment Survey,978.731,2022
,France,LFS - Employment Survey,988.92,2021
,France,LFS - Employment Survey,934.399,2020
,France,LFS - Employment Survey,874.798,2019
,France,LFS - Employment Survey,826.564,2018
,France,LFS - Employment Survey,792.713,2017
,France,LFS - Employment Survey,740.41,2016
,France,LFS - Employment Survey,744.924,2015
,France,LFS - Employment Survey,720.747,2014
,France,LFS - Employment Survey,701.006,2013
,France,LFS - Employment Survey,744.901,2012
,France,LFS - Employment Survey,754.851,2011
,France,LFS - Employment Survey,738.74,2010
,France,LFS - Employment Survey,722.53,2009
,France,LFS - Employment Survey,672.338,2008
,Micronesia (Federated States of),HIES - Household Income and Expenditure Survey,0.228,2014
,United Kingdom of Great Britain and Northern Ireland,LFS - Labour Force Survey,1682.491,2025
,United Kingdom of Great Britain and Northern Ireland,LFS - Labour Force Survey,1650.148,2024
,United Kingdom of Great Britain and Northern Ireland,LFS - Labour Force Survey,1688.026,2023
,United Kingdom of Great Britain and Northern Ireland,LFS - Labour Force Survey,1673.16,2022
,United Kingdom of Great Britain and Northern Ireland,LFS - Labour Force Survey,1557.926,2021
,United Kingdom of Great Britain and Northern Ireland,LFS - Labour Force Survey,1534.479,2020
,United Kingdom of Great Britain and Northern Ireland,LFS - Labour Force Survey,1307.777,2019
,United Kingdom of Great Britain and Northern Ireland,LFS - Labour Force Survey,1309.719,2018
,United Kingdom of Great Britain and Northern Ireland,LFS - Labour Force Survey,1299.197,2017
,United Kingdom of Great Britain and Northern Ireland,LFS - Labour Force Survey,1239.096,2016
,United Kingdom of Great Britain and Northern Ireland,LFS - Labour Force Survey,1260.38,2015
,United Kingdom of Great Britain and Northern Ireland,LFS - Labour Force Survey,909.213,2014
,United Kingdom of Great Britain and Northern Ireland,LFS - Labour Force Survey,1152.503,2013
,United Kingdom of Great Britain and Northern Ireland,LFS - Labour Force Survey,1120.328,2012
,United Kingdom of Great Britain and Northern Ireland,LFS - Labour Force Survey,1069.156,2011
,United Kingdom of Great Britain and Northern Ireland,LFS - Labour Force Survey,1016.206,2010
,United Kingdom of Great Britain and Northern Ireland,LFS - Labour Force Survey,1021.014,2009
,Georgia,LFS - Labour Force Survey,15.92,2024
,Georgia,LFS - Labour Force Survey,20.913,2023
,Georgia,LFS - Labour Force Survey,15.316,2022
,Georgia,LFS - Labour Force Survey,18.104,2021
,Georgia,LFS - Labour Force Survey,19.717,2020
,Georgia,LFS - Labour Force Survey,19.136,2019
,Georgia,LFS - Labour Force Survey,20.905,2018
,Georgia,LFS - Labour Force Survey,21.335,2017
,Guernsey,ADM - Official Estimates,1.042,2016
,Guernsey,ADM - Official Estimates,1.002,2015
,Guernsey,ADM - Official Estimates,1.01,2014
,Guernsey,ADM - Official Estimates,0.972,2013
,Guernsey,ADM - Official Estimates,0.987,2012
,Guernsey,ADM - Official Estimates,1.019,2011
,Ghana,HIES - Household Income and Expenditure Survey,105.506,2024
,Ghana,HIES - Household Income and Expenditure Survey,99.322,2023
,Ghana,HIES - Household Income and Expenditure Survey,34.239,2022
,Ghana,PC - Population Census,49.39,2021
,Ghana,HIES - Living Standards Survey,32.704,2017
,Ghana,LFS - Labour Force Survey,46.052,2015
,Ghana,HIES - Living Standards Survey,44.922,2013
,Ghana,PC - Population Census,39.89,2010
,Ghana,PC - Population Census,6.47,2000
,Gambia,LFS - Labour Force Survey,4.989,2023
,Gambia,LFS - Labour Force Survey,6.516,2018
,Gambia,LFS - Labour Force Survey,3.126,2012
,Guinea-Bissau,HIES - Harmonized Survey on Household Living Conditions,2.401,2022
,Guinea-Bissau,LFS - Integrated Regional Survey on Employment and Informal Sector,1.492,2018
,Greece,LFS - Labour Force Survey,451.41,2025
,Greece,LFS - Labour Force Survey,106.603,2024
,Greece,LFS - Labour Force Survey,105.629,2023
,Greece,LFS - Labour Force Survey,107.579,2022
,Greece,LFS - Labour Force Survey,102.175,2021
,Greece,LFS - Labour Force Survey,93.714,2020
,Greece,LFS - Labour Force Survey,94.245,2019
,Greece,LFS - Labour Force Survey,88.883,2018
,Greece,LFS - Labour Force Survey,86.914,2017
,Greece,LFS - Labour Force Survey,80.751,2016
,Greece,LFS - Labour Force Survey,72.908,2015
,Greece,LFS - Labour Force Survey,76.198,2014
,Greece,LFS - Labour Force Survey,76.184,2013
,Greece,LFS - Labour Force Survey,71.79,2012
,Greece,LFS - Labour Force Survey,75.498,2011
,Greece,LFS - Labour Force Survey,86.856,2010
,Greece,LFS - Labour Force Survey,87.445,2009
,Greece,LFS - Labour Force Survey,77.632,2008
,Grenada,LFS - Labour Force Survey,0.397,2023
,Grenada,LFS - Labour Force Survey,1.484,2021
,Grenada,LFS - Labour Force Survey,0.783,2020
,Grenada,LFS - Labour Force Survey,1.967,2019
,Grenada,LFS - Labour Force Survey,0.55,2018
,Greenland,ADM - Employment and Unemployment for permanent residents,0.186,2013
,Greenland,ADM - Employment and Unemployment for permanent residents,0.491,2011
,Guatemala,LFS - Employment and Income Survey,37.327,2024
,Guatemala,HIES - Household Income and Expenditure Survey,29.946,2023
,Guatemala,LFS - Employment and Income Survey,40.727,2022
,Guatemala,LFS - Employment and Income Survey,28.369,2021
,Guatemala,LFS - Employment and Income Survey,42.425,2019
,Guatemala,LFS - Employment and Income Survey,42.303,2018
,Guatemala,LFS - Employment and Income Survey,55.347,2017
,Guatemala,LFS - Employment and Income Survey,47.646,2016
,Guatemala,LFS - Employment and Income Survey,48.734,2015
,Guatemala,LFS - Employment and Income Survey,58.019,2014
,Guatemala,LFS - Employment and Income Survey,55.347,2013
,Guatemala,LFS - Employment and Income Survey,42.843,2012
,Guatemala,LFS - Employment and Income Survey,46.239,2011
,Guatemala,LFS - Employment and Income Survey,47.132,2010
,Guam,PC - Population Census,1.645,2010
,Guyana,LFS - Labour Force Survey,1.765,2019
,Guyana,LFS - Labour Force Survey,1.829,2018
,"Hong Kong, China",LFS - General Household Survey,104.8,2009
,Honduras,HS - Continous Multi-Purpose Household Survey,30.914,2025
,Honduras,HS - Continous Multi-Purpose Household Survey,16.976,2024
,Honduras,HS - Continous Multi-Purpose Household Survey,21.572,2023
,Honduras,HS - Continous Multi-Purpose Household Survey,36.662,2022
,Honduras,HS - Continous Multi-Purpose Household Survey,18.311,2021
,Honduras,HS - Continous Multi-Purpose Household Survey,20.858,2020
,Honduras,HS - Continous Multi-Purpose Household Survey,27.347,2019
,Honduras,HS - Continous Multi-Purpose Household Survey,33.095,2018
,Honduras,HS - Continous Multi-Purpose Household Survey,27.157,2017
,Honduras,HS - Continous Multi-Purpose Household Survey,34.476,2016
,Honduras,HS - Continous Multi-Purpose Household Survey,21.745,2015
,Croatia,LFS - EU Labour Force Survey,75.8,2025
,Croatia,LFS - EU Labour Force Survey,74.142,2024
,Croatia,LFS - EU Labour Force Survey,62.655,2023
,Croatia,LFS - EU Labour Force Survey,56.074,2022
,Croatia,LFS - EU Labour Force Survey,45.181,2021
,Croatia,LFS - EU Labour Force Survey,52.345,2020
,Croatia,LFS - EU Labour Force Survey,54.571,2019
,Croatia,LFS - EU Labour Force Survey,52.755,2018
,Croatia,LFS - EU Labour Force Survey,42.9,2017
,Croatia,LFS - EU Labour Force Survey,49.049,2016
,Croatia,LFS - EU Labour Force Survey,41.596,2015
,Croatia,LFS - EU Labour Force Survey,41.761,2014
,Croatia,LFS - EU Labour Force Survey,37.989,2013
,Croatia,LFS - EU Labour Force Survey,37.449,2012
,Croatia,LFS - EU Labour Force Survey,42.315,2011
,Croatia,LFS - EU Labour Force Survey,44.954,2010
,Croatia,LFS - EU Labour Force Survey,42.554,2009
,Croatia,LFS - EU Labour Force Survey,39.658,2008
,Haiti,HIES - Households Living Conditions Survey,13.113,2012
,Hungary,LFS - Labour Force Survey,163.8,2025
,Hungary,LFS - Labour Force Survey,179.615,2024
,Hungary,LFS - Labour Force Survey,179.719,2023
,Hungary,LFS - Labour Force Survey,168.568,2022
,Hungary,LFS - Labour Force Survey,168.829,2021
,Hungary,LFS - Labour Force Survey,144.71,2020
,Hungary,LFS - Labour Force Survey,130.053,2019
,Hungary,LFS - Labour Force Survey,114.863,2018
,Hungary,LFS - Labour Force Survey,108.008,2017
,Hungary,LFS - Labour Force Survey,118.392,2016
,Hungary,LFS - Labour Force Survey,102.586,2015
,Hungary,LFS - Labour Force Survey,103.893,2014
,Hungary,LFS - Labour Force Survey,112.558,2013
,Hungary,LFS - Labour Force Survey,102.544,2012
,Hungary,LFS - Labour Force Survey,89.24,2011
,Hungary,LFS - Labour Force Survey,93.629,2010
,Hungary,LFS - Labour Force Survey,89.363,2009
,Hungary,LFS - Labour Force Survey,95.404,2008
,Indonesia,LFS - National Labour Force Survey,1091.177,2023
,Indonesia,LFS - National Labour Force Survey,574.99,2015
,Indonesia,LFS - National Labour Force Survey,620.698,2014
,Indonesia,LFS - National Labour Force Survey,580.544,2013
,Indonesia,LFS - National Labour Force Survey,541.318,2012
,Isle of Man,PC - Population Census,1.355,2016
,India,LFS - Periodic Labour Force Survey,6756.306,2024
,India,LFS - Periodic Labour Force Survey,6778.583,2023
,India,LFS - Periodic Labour Force Survey,6344.173,2022
,India,LFS - Periodic Labour Force Survey,5198.747,2021
,India,LFS - Periodic Labour Force Survey,3813.772,2020
,India,LFS - Periodic Labour Force Survey,4005.613,2019
,India,LFS - Periodic Labour Force Survey,3672.496,2018
,India,HS - National Sample Survey,3253.312,2012
,Ireland,LFS - EU Labour Force Survey,180,2025
,Ireland,LFS - EU Labour Force Survey,192.625,2024
,Ireland,LFS - EU Labour Force Survey,175.269,2023
,Ireland,LFS - EU Labour Force Survey,166.184,2022
,Ireland,LFS - EU Labour Force Survey,156.441,2021
,Ireland,LFS - EU Labour Force Survey,132.823,2020
,Ireland,LFS - EU Labour Force Survey,123.586,2019
,Ireland,LFS - EU Labour Force Survey,117.614,2018
,Ireland,LFS - EU Labour Force Survey,115.452,2017
,Ireland,LFS - EU Labour Force Survey,108.177,2016
,Ireland,LFS - EU Labour Force Survey,101.72,2015
,Ireland,LFS - EU Labour Force Survey,97.938,2014
,Ireland,LFS - EU Labour Force Survey,95.758,2013
,Ireland,LFS - EU Labour Force Survey,93.93,2012
,Ireland,LFS - EU Labour Force Survey,89.243,2011
,Ireland,LFS - EU Labour Force Survey,87.948,2010
,Ireland,LFS - EU Labour Force Survey,88.089,2009
,Ireland,LFS - EU Labour Force Survey,86.833,2008
,Iran (Islamic Republic of),LFS - Labour Force Survey,256.506,2024
,Iran (Islamic Republic of),LFS - Labour Force Survey,234.914,2023
,Iran (Islamic Republic of),LFS - Labour Force Survey,222.592,2022
,Iran (Islamic Republic of),LFS - Labour Force Survey,224.312,2021
,Iran (Islamic Republic of),LFS - Labour Force Survey,209.601,2020
,Iran (Islamic Republic of),LFS - Labour Force Survey,216.202,2019
,Iran (Islamic Republic of),LFS - Labour Force Survey,212.82,2018
,Iran (Islamic Republic of),LFS - Labour Force Survey,228.883,2017
,Iran (Islamic Republic of),LFS - Labour Force Survey,234.614,2016
,Iran (Islamic Republic of),LFS - Labour Force Survey,213.269,2015
,Iran (Islamic Republic of),LFS - Labour Force Survey,193.921,2014
,Iran (Islamic Republic of),LFS - Labour Force Survey,198.312,2013
,Iran (Islamic Republic of),LFS - Labour Force Survey,2018.191,2012
,Iran (Islamic Republic of),LFS - Labour Force Survey,1951.895,2011
,Iran (Islamic Republic of),LFS - Labour Force Survey,2019.092,2010
,Iran (Islamic Republic of),LFS - Labour Force Survey,1882.329,2009
,Iran (Islamic Republic of),LFS - Labour Force Survey,1931.73,2008
,Iran (Islamic Republic of),LFS - Labour Force Survey,3597.174,2007
,Iran (Islamic Republic of),LFS - Labour Force Survey,3529.965,2006
,Iran (Islamic Republic of),LFS - Labour Force Survey,3559.691,2005
,Iraq,LFS - Labour Force Survey,23.957,2021
,Iceland,LFS - EU Labour Force Survey,10.765,2024
,Iceland,LFS - EU Labour Force Survey,11.043,2023
,Iceland,LFS - EU Labour Force Survey,9.956,2022
,Iceland,LFS - EU Labour Force Survey,9.127,2021
,Iceland,LFS - EU Labour Force Survey,9.681,2020
,Iceland,LFS - EU Labour Force Survey,8.835,2019
,Iceland,LFS - EU Labour Force Survey,9.328,2018
,Iceland,LFS - EU Labour Force Survey,9.893,2017
,Iceland,LFS - EU Labour Force Survey,9.94,2016
,Iceland,LFS - EU Labour Force Survey,9.288,2015
,Iceland,LFS - EU Labour Force Survey,8.116,2014
,Iceland,LFS - EU Labour Force Survey,7.337,2013
,Iceland,LFS - EU Labour Force Survey,7.049,2012
,Iceland,LFS - EU Labour Force Survey,7.159,2011
,Iceland,LFS - EU Labour Force Survey,7.02,2010
,Iceland,LFS - EU Labour Force Survey,7.881,2009
,Iceland,LFS - EU Labour Force Survey,7.522,2008
,Israel,LFS - Labour Force Survey,283.063,2024
,Israel,LFS - Labour Force Survey,296.482,2023
,Israel,LFS - Labour Force Survey,287.713,2022
,Israel,LFS - Labour Force Survey,246.873,2021
,Israel,LFS - Labour Force Survey,233.793,2020
,Israel,LFS - Labour Force Survey,222.071,2019
,Israel,LFS - Labour Force Survey,200.015,2018
,Israel,LFS - Labour Force Survey,186.122,2017
,Israel,LFS - Labour Force Survey,185.919,2016
,Israel,LFS - Labour Force Survey,180.127,2015
,Israel,LFS - Labour Force Survey,173.758,2014
,Israel,LFS - Labour Force Survey,166.011,2013
,Israel,LFS - Labour Force Survey,161.37,2012
,Italy,LFS - EU Labour Force Survey,710.8,2025
,Italy,LFS - EU Labour Force Survey,760.757,2024
,Italy,LFS - EU Labour Force Survey,776.095,2023
,Italy,LFS - EU Labour Force Survey,688.534,2022
,Italy,LFS - EU Labour Force Survey,655.684,2021
,Italy,LFS - EU Labour Force Survey,614.713,2020
,Italy,LFS - EU Labour Force Survey,613.998,2019
,Italy,LFS - EU Labour Force Survey,598.571,2018
,Italy,LFS - EU Labour Force Survey,564.693,2017
,Italy,LFS - EU Labour Force Survey,562.023,2016
,Italy,LFS - EU Labour Force Survey,561.465,2015
,Italy,LFS - EU Labour Force Survey,551.372,2014
,Italy,LFS - EU Labour Force Survey,548.974,2013
,Italy,LFS - EU Labour Force Survey,554.73,2012
,Italy,LFS - EU Labour Force Survey,544.406,2011
,Italy,LFS - EU Labour Force Survey,522.568,2010
,Italy,LFS - EU Labour Force Survey,536.608,2009
,Italy,LFS - EU Labour Force Survey,541.52,2008
,Jamaica,LFS - Labour Force Survey,9.678,2023
,Jamaica,LFS - Labour Force Survey,15.497,2022
,Jamaica,LFS - Labour Force Survey,13.827,2021
,Jamaica,LFS - Labour Force Survey,14.144,2020
,Jersey,EC - Manpower Survey,0.68,2013
,Jordan,LFS - Employment and Unemployment Survey,34.565,2024
,Jordan,LFS - Employment and Unemployment Survey,31.379,2023
,Jordan,LFS - Employment and Unemployment Survey,29.707,2022
,Jordan,LFS - Employment and Unemployment Survey,29.013,2021
,Jordan,LFS - Employment and Unemployment Survey,23.972,2020
,Jordan,LFS - Employment and Unemployment Survey,21.72,2019
,Jordan,LFS - Employment and Unemployment Survey,23.753,2018
,Jordan,LFS - Employment and Unemployment Survey,25.501,2017
,Japan,LFS - Labour Force Survey,3789.156,2023
,Japan,LFS - Labour Force Survey,3766.722,2022
,Japan,LFS - Labour Force Survey,3571.902,2021
,Japan,LFS - Labour Force Survey,3413.663,2020
,Japan,LFS - Labour Force Survey,3273.18,2019
,Japan,LFS - Labour Force Survey,3192.097,2018
,Japan,LFS - Labour Force Survey,3105.865,2017
,Japan,LFS - Labour Force Survey,3049.025,2016
,Japan,LFS - Labour Force Survey,3011.087,2015
,Japan,LFS - Labour Force Survey,2937.383,2014
,Japan,LFS - Labour Force Survey,2820.199,2013
,Japan,LFS - Labour Force Survey,2718.969,2012
,Japan,LFS - Labour Force Survey,2670.822,2011
,Japan,LFS - Labour Force Survey,2812.986,2010
,Japan,LFS - Labour Force Survey,2746.715,2009
,Japan,LFS - Labour Force Survey,2094.531,2008
,Japan,LFS - Labour Force Survey,1967.787,2007
,Japan,LFS - Labour Force Survey,1785.814,2006
,Japan,LFS - Labour Force Survey,1746.677,2005
,Japan,LFS - Labour Force Survey,1720.158,2004
,Japan,LFS - Labour Force Survey,1639.156,2003
,Japan,LFS - Labour Force Survey,1621.829,2002
,Kazakhstan,LFS - Sample Survey of Employment,166.46,2022
,Kazakhstan,LFS - Sample Survey of Employment,159.67,2020
,Kazakhstan,LFS - Sample Survey of Employment,156.1,2017
,Kazakhstan,LFS - Sample Survey of Employment,151.682,2015
,Kazakhstan,LFS - Sample Survey of Employment,132.9,2013
,Kazakhstan,LFS - Sample Survey of Employment,134.2,2012
,Kazakhstan,LFS - Sample Survey of Employment,125.7,2011
,Kazakhstan,LFS - Sample Survey of Employment,109.3,2010
,Kazakhstan,LFS - Sample Survey of Employment,114.7,2009
,Kenya,HS - Continuous household survey,125.447,2022
,Kenya,HS - Continuous household survey,70.608,2021
,Kenya,HS - Continuous household survey,69.316,2019
,Kyrgyzstan,LFS - Employment and Unemployment Survey,36.595,2023
,Kyrgyzstan,LFS - Employment and Unemployment Survey,33.527,2022
,Kyrgyzstan,LFS - Employment and Unemployment Survey,31.736,2021
,Kyrgyzstan,LFS - Employment and Unemployment Survey,29.908,2020
,Kyrgyzstan,LFS - Employment and Unemployment Survey,26.996,2019
,Kyrgyzstan,LFS - Employment and Unemployment Survey,28.141,2018
,Kyrgyzstan,LFS - Employment and Unemployment Survey,24.225,2017
,Kyrgyzstan,LFS - Employment and Unemployment Survey,29.824,2016
,Kyrgyzstan,LFS - Employment and Unemployment Survey,30.949,2015
,Kyrgyzstan,LFS - Employment and Unemployment Survey,26.558,2014
,Kyrgyzstan,LFS - Employment and Unemployment Survey,25.661,2013
,Kyrgyzstan,LFS - Employment and Unemployment Survey,26.855,2012
,Cambodia,HIES - Household Socio-Economic Survey,29.64,2023
,Cambodia,HIES - Household Socio-Economic Survey,22.782,2021
,Cambodia,HIES - Household Socio-Economic Survey,24.628,2020
,Cambodia,LFS - Labour Force Survey,26.175,2019
,Cambodia,HIES - Household Socio-Economic Survey,20.204,2017
,Cambodia,HIES - Household Socio-Economic Survey,28.103,2016
,Cambodia,HIES - Household Socio-Economic Survey,27.727,2015
,Cambodia,HIES - Household Socio-Economic Survey,12.116,2014
,Cambodia,HIES - Household Socio-Economic Survey,16.222,2013
,Cambodia,LFS - Labour Force Survey,22.607,2012
,Cambodia,HIES - Household Socio-Economic Survey,12.469,2011
,Cambodia,HIES - Household Socio-Economic Survey,18.306,2010
,Cambodia,HIES - Household Socio-Economic Survey,10.743,2009
,Cambodia,HIES - Household Socio-Economic Survey,13.812,2008
,Cambodia,HIES - Household Socio-Economic Survey,9.337,2007
,Kiribati,HIES - Household Income and Expenditure Survey,0.183,2023
,Kiribati,PC - Population Census,0.155,2020
,Kiribati,HIES - Household Income and Expenditure Survey,0.211,2019
,Kiribati,PC - Population Census,0.195,2015
,Kiribati,PC - Population Census,0.586,2010
,Republic of Korea,LFS - Economically Active Population Survey,1139.35,2025
,Republic of Korea,LFS - Economically Active Population Survey,1109.441,2024
,Republic of Korea,LFS - Economically Active Population Survey,1037.398,2023
,Republic of Korea,LFS - Economically Active Population Survey,980.715,2022
,Republic of Korea,LFS - Economically Active Population Survey,900.467,2021
,Republic of Korea,LFS - Economically Active Population Survey,846.622,2020
,Republic of Korea,LFS - Economically Active Population Survey,860.504,2019
,Republic of Korea,LFS - Economically Active Population Survey,837.368,2018
,Republic of Korea,LFS - Economically Active Population Survey,782.706,2017
,Republic of Korea,LFS - Economically Active Population Survey,783.483,2016
,Republic of Korea,LFS - Economically Active Population Survey,773.545,2015
,Republic of Korea,LFS - Economically Active Population Survey,717.308,2014
,Republic of Korea,LFS - Economically Active Population Survey,696.623,2013
,Republic of Korea,LFS - Economically Active Population Survey,706.46,2012
,Republic of Korea,LFS - Economically Active Population Survey,706.219,2011
,Republic of Korea,LFS - Economically Active Population Survey,670.394,2010
,Republic of Korea,LFS - Economically Active Population Survey,657.493,2009
,Republic of Korea,LFS - Economically Active Population Survey,636.282,2008
,Republic of Korea,LFS - Economically Active Population Survey,645.235,2007
,Republic of Korea,LFS - Economically Active Population Survey,658.92,2006
,Republic of Korea,LFS - Economically Active Population Survey,640.262,2005
,Republic of Korea,LFS - Economically Active Population Survey,608.267,2004
,Republic of Korea,LFS - Economically Active Population Survey,252.531,2003
,Republic of Korea,LFS - Economically Active Population Survey,232.223,2002
,Republic of Korea,LFS - Economically Active Population Survey,209.39,2001
,Republic of Korea,LFS - Economically Active Population Survey,192.09,2000
,Kosovo,LFS - Labour Force Survey,12.459,2024
,Kosovo,LFS - Labour Force Survey,10.683,2023
,Kosovo,LFS - Labour Force Survey,10.089,2022
,Kosovo,LFS - Labour Force Survey,12.416,2021
,Kosovo,LFS - Labour Force Survey,13.745,2020
,Kosovo,LFS - Labour Force Survey,13.977,2019
,Kosovo,LFS - Labour Force Survey,11.954,2018
,Kosovo,LFS - Labour Force Survey,9.494,2017
,Kosovo,LFS - Labour Force Survey,7.315,2016
,Kosovo,LFS - Labour Force Survey,9.635,2015
,Kosovo,LFS - Labour Force Survey,9.572,2014
,Kosovo,LFS - Labour Force Survey,9.94,2013
,Kosovo,LFS - Labour Force Survey,7.169,2012
,Kuwait,LFS - Labour Force Sample Survey,14.502,2016
,Lao People's Democratic Republic,LFS - Labour Force Survey,5.108,2022
,Lao People's Democratic Republic,LFS - Labour Force Survey,8.115,2017
,Lao People's Democratic Republic,PC - Population Census,11.94,2015
,Lao People's Democratic Republic,LFS - Labour Force Survey,11.361,2010
,Lebanon,LFS - Labour Force Survey,25.139,2019
,Liberia,LFS - Labour Force Survey,4.843,2017
,Liberia,LFS - Labour Force Survey,5.45,2010
,Saint Lucia,LFS - Labour Force Survey,0.98,2025
,Saint Lucia,LFS - Labour Force Survey,0.893,2024
,Saint Lucia,LFS - Labour Force Survey,0.785,2023
,Saint Lucia,LFS - Labour Force Survey,0.586,2022
,Saint Lucia,LFS - Labour Force Survey,1.235,2021
,Saint Lucia,LFS - Labour Force Survey,1.228,2020
,Saint Lucia,LFS - Labour Force Survey,1.018,2019
,Saint Lucia,LFS - Labour Force Survey,0.986,2018
,Saint Lucia,LFS - Labour Force Survey,0.916,2017
,Saint Lucia,HIES - Survey on Living Conditions,0.703,2016
,Liechtenstein,ADM - Administrative Register,0.452,2017
,Liechtenstein,ADM - Administrative Register,0.437,2016
,Liechtenstein,ADM - Administrative Register,0.456,2015
,Liechtenstein,ADM - Administrative Register,0.418,2014
,Liechtenstein,ADM - Administrative Register,0.394,2013
,Liechtenstein,ADM - Administrative Register,0.396,2012
,Liechtenstein,ADM - Administrative Register,0.415,2011
,Liechtenstein,ADM - Administrative Register,0.391,2010
,Liechtenstein,ADM - Administrative Register,0.413,2009
,Sri Lanka,LFS - Labour Force Survey,80.357,2024
,Sri Lanka,LFS - Labour Force Survey,78.347,2023
,Sri Lanka,LFS - Labour Force Survey,71.054,2022
,Sri Lanka,LFS - Labour Force Survey,72.881,2021
,Sri Lanka,LFS - Labour Force Survey,57.828,2020
,Sri Lanka,LFS - Labour Force Survey,64.382,2019
,Sri Lanka,LFS - Labour Force Survey,55.22,2018
,Sri Lanka,LFS - Labour Force Survey,70.264,2017
,Sri Lanka,LFS - Labour Force Survey,61.522,2016
,Sri Lanka,LFS - Labour Force Survey,52.372,2015
,Sri Lanka,LFS - Labour Force Survey,62.458,2014
,Sri Lanka,LFS - Labour Force Survey,55.2,2013
,Lesotho,LFS - Integrated Labour Force Survey,2.452,2024
,Lesotho,LFS - Integrated Labour Force Survey,2.085,2019
,Lithuania,LFS - EU Labour Force Survey,72.6,2025
,Lithuania,LFS - EU Labour Force Survey,70.939,2024
,Lithuania,LFS - EU Labour Force Survey,62.176,2023
,Lithuania,LFS - EU Labour Force Survey,57.063,2022
,Lithuania,LFS - EU Labour Force Survey,50.539,2021
,Lithuania,LFS - EU Labour Force Survey,39.177,2020
,Lithuania,LFS - EU Labour Force Survey,37.01,2019
,Lithuania,LFS - EU Labour Force Survey,32.289,2018
,Lithuania,LFS - EU Labour Force Survey,28.061,2017
,Lithuania,LFS - EU Labour Force Survey,28.696,2016
,Lithuania,LFS - EU Labour Force Survey,27.244,2015
,Lithuania,LFS - EU Labour Force Survey,23.909,2014
,Lithuania,LFS - EU Labour Force Survey,24.755,2013
,Lithuania,LFS - EU Labour Force Survey,28.32,2012
,Lithuania,LFS - EU Labour Force Survey,25.479,2011
,Lithuania,LFS - EU Labour Force Survey,22.124,2010
,Lithuania,LFS - EU Labour Force Survey,22.918,2009
,Lithuania,LFS - EU Labour Force Survey,24.351,2008
,Luxembourg,LFS - EU Labour Force Survey,14.485,2024
,Luxembourg,LFS - EU Labour Force Survey,14.639,2023
,Luxembourg,LFS - EU Labour Force Survey,16.823,2022
,Luxembourg,LFS - EU Labour Force Survey,12.005,2021
,Luxembourg,LFS - EU Labour Force Survey,10.544,2020
,Luxembourg,LFS - EU Labour Force Survey,11.256,2019
,Luxembourg,LFS - EU Labour Force Survey,10.869,2018
,Luxembourg,LFS - EU Labour Force Survey,9.942,2017
,Luxembourg,LFS - EU Labour Force Survey,7.698,2016
,Luxembourg,LFS - EU Labour Force Survey,9.056,2015
,Luxembourg,LFS - EU Labour Force Survey,10.646,2014
,Luxembourg,LFS - EU Labour Force Survey,9.429,2013
,Luxembourg,LFS - EU Labour Force Survey,9.604,2012
,Luxembourg,LFS - EU Labour Force Survey,8.516,2011
,Luxembourg,LFS - EU Labour Force Survey,8.958,2010
,Luxembourg,LFS - EU Labour Force Survey,7.245,2009
,Luxembourg,LFS - EU Labour Force Survey,6.829,2008
,Latvia,LFS - EU Labour Force Survey,40.7,2025
,Latvia,LFS - EU Labour Force Survey,45.892,2024
,Latvia,LFS - EU Labour Force Survey,42.895,2023
,Latvia,LFS - EU Labour Force Survey,44.328,2022
,Latvia,LFS - EU Labour Force Survey,39.248,2021
,Latvia,LFS - EU Labour Force Survey,35.554,2020
,Latvia,LFS - EU Labour Force Survey,26.402,2019
,Latvia,LFS - EU Labour Force Survey,21.286,2018
,Latvia,LFS - EU Labour Force Survey,31.501,2017
,Latvia,LFS - EU Labour Force Survey,23.844,2016
,Latvia,LFS - EU Labour Force Survey,25.966,2015
,Latvia,LFS - EU Labour Force Survey,26.28,2014
,Latvia,LFS - EU Labour Force Survey,24.322,2013
,Latvia,LFS - EU Labour Force Survey,21.507,2012
,Latvia,LFS - EU Labour Force Survey,25.289,2011
,Latvia,LFS - EU Labour Force Survey,26.661,2010
,Latvia,LFS - EU Labour Force Survey,21.549,2009
,Latvia,LFS - EU Labour Force Survey,24.3,2008
,Morocco,PC - Population Census,6.22,1994
,Morocco,PC - Population Census,28,1982
,Monaco,ADM - Social Insurance Funds,1.5,2022
,Monaco,ADM - Social Insurance Funds,1.406,2021
,Monaco,ADM - Social Insurance Funds,1.342,2020
,Monaco,ADM - Social Insurance Funds,1.375,2019
,Monaco,ADM - Social Insurance Funds,1.289,2018
,Republic of Moldova,LFS - Labour Force Survey,30.244,2025
,Republic of Moldova,LFS - Labour Force Survey,29.722,2024
,Republic of Moldova,LFS - Labour Force Survey,24.859,2023
,Republic of Moldova,LFS - Labour Force Survey,24.348,2022
,Republic of Moldova,LFS - Labour Force Survey,21.808,2021
,Republic of Moldova,LFS - Labour Force Survey,20.164,2020
,Republic of Moldova,LFS - Labour Force Survey,17.856,2019
,Republic of Moldova,LFS - Labour Force Survey,16.856,2018
,Republic of Moldova,LFS - Labour Force Survey,14.35,2017
,Republic of Moldova,LFS - Labour Force Survey,16.7,2016
,Republic of Moldova,LFS - Labour Force Survey,17.8,2015
,Republic of Moldova,LFS - Labour Force Survey,16.53,2014
,Madagascar,HS - Periodic Household Survey,27.165,2022
,Madagascar,LFS - National Survey on Employment and the Informal Sector,26.41,2015
,Madagascar,LFS - National Survey on Employment and the Informal Sector,20.566,2012
,Maldives,HIES - Household Income and Expenditure Survey,1.453,2019
,Maldives,HIES - Household Income and Expenditure Survey,1.832,2016
,Maldives,PC - Population Census,2.435,2014
,Mexico,LFS - National Occupation and Employment Survey,526.954,2025
,Mexico,LFS - National Occupation and Employment Survey,570.946,2024
,Mexico,LFS - National Occupation and Employment Survey,569.49,2023
,Mexico,LFS - National Occupation and Employment Survey,564.116,2022
,Mexico,LFS - National Occupation and Employment Survey,518.398,2021
,Mexico,LFS - National Occupation and Employment Survey,481.116,2020
,Mexico,LFS - National Occupation and Employment Survey,481.353,2019
,Mexico,LFS - National Occupation and Employment Survey,493.663,2018
,Mexico,LFS - National Occupation and Employment Survey,482.058,2017
,Mexico,LFS - National Occupation and Employment Survey,491.862,2016
,Mexico,LFS - National Occupation and Employment Survey,456.855,2015
,Mexico,LFS - National Occupation and Employment Survey,439.466,2014
,Mexico,LFS - National Occupation and Employment Survey,486.071,2013
,Mexico,LFS - National Occupation and Employment Survey,471.274,2012
,Mexico,LFS - National Occupation and Employment Survey,446.199,2011
,Mexico,LFS - National Occupation and Employment Survey,435.223,2010
,Mexico,LFS - National Occupation and Employment Survey,448.424,2009
,Mexico,LFS - National Occupation and Employment Survey,417.613,2008
,Mexico,LFS - National Occupation and Employment Survey,407.109,2007
,Mexico,LFS - National Occupation and Employment Survey,449.674,2006
,Mexico,LFS - National Occupation and Employment Survey,378.969,2005
,Marshall Islands,PC - Population Census,0.293,2021
,Marshall Islands,HIES - Household Income and Expenditure Survey,0.216,2019
,North Macedonia,LFS - Labour Force Survey,23.708,2025
,North Macedonia,LFS - Labour Force Survey,23.624,2024
,North Macedonia,LFS - Labour Force Survey,24.117,2023
,North Macedonia,LFS - Labour Force Survey,21.192,2022
,North Macedonia,LFS - Labour Force Survey,20.659,2021
,North Macedonia,LFS - Labour Force Survey,18.481,2020
,North Macedonia,LFS - Labour Force Survey,15.348,2019
,North Macedonia,LFS - Labour Force Survey,12.995,2018
,North Macedonia,LFS - Labour Force Survey,13.587,2017
,North Macedonia,LFS - Labour Force Survey,13.6,2016
,North Macedonia,LFS - Labour Force Survey,14.481,2015
,North Macedonia,LFS - Labour Force Survey,13.883,2014
,North Macedonia,LFS - Labour Force Survey,11.039,2013
,North Macedonia,LFS - Labour Force Survey,11.231,2012
,North Macedonia,LFS - Labour Force Survey,9.598,2011
,Mali,LFS - Continous Household Employment Survey,13.016,2024
,Mali,LFS - Continous Household Employment Survey,11.978,2023
,Mali,LFS - Continous Household Employment Survey,14.278,2022
,Mali,LFS - Continous Household Employment Survey,9.844,2020
,Mali,LFS - Continous Household Employment Survey,15.528,2018
,Mali,LFS - Continous Household Employment Survey,8.268,2017
,Mali,LFS - Continous Household Employment Survey,9.197,2016
,Mali,LFS - Continous Household Employment Survey,7.937,2015
,Mali,LFS - Continous Household Employment Survey,5.934,2014
,Mali,LFS - Continous Household Employment Survey,6.57,2013
,Malta,LFS - Labour Force Survey,14.1,2025
,Malta,LFS - Labour Force Survey,16.59,2024
,Malta,LFS - Labour Force Survey,14.492,2023
,Malta,LFS - Labour Force Survey,13.358,2022
,Malta,LFS - Labour Force Survey,10.495,2021
,Malta,LFS - Labour Force Survey,9.78,2020
,Malta,LFS - Labour Force Survey,9.907,2019
,Malta,LFS - Labour Force Survey,9.217,2018
,Malta,LFS - Labour Force Survey,8.113,2017
,Malta,LFS - Labour Force Survey,7.91,2016
,Malta,LFS - Labour Force Survey,7.674,2015
,Malta,LFS - Labour Force Survey,7.325,2014
,Malta,LFS - Labour Force Survey,7.268,2013
,Malta,LFS - Labour Force Survey,7.448,2012
,Malta,LFS - Labour Force Survey,6.22,2011
,Malta,LFS - Labour Force Survey,4.84,2010
,Malta,LFS - Labour Force Survey,5.713,2009
,Malta,LFS - Labour Force Survey,6.176,2008
,Myanmar,LFS - Labour Force Survey,34.759,2020
,Myanmar,LFS - Labour Force Survey,64.381,2019
,Myanmar,LFS - Labour Force Survey,44.612,2018
,Myanmar,LFS - Labour Force Survey,52.394,2017
,Myanmar,LFS - Labour Force Survey,59.17,2015
,Myanmar,PC - Population Census,47.59,2014
,Montenegro,LFS - Labour Force Survey,7.398,2024
,Montenegro,LFS - Labour Force Survey,8.941,2023
,Montenegro,LFS - Labour Force Survey,7.702,2022
,Montenegro,LFS - Labour Force Survey,5.487,2021
,Montenegro,LFS - Labour Force Survey,5.447,2020
,Montenegro,LFS - Labour Force Survey,5.325,2019
,Montenegro,LFS - Labour Force Survey,4.953,2018
,Montenegro,LFS - Labour Force Survey,5.392,2017
,Montenegro,LFS - Labour Force Survey,4.548,2016
,Montenegro,LFS - Labour Force Survey,5.01,2015
,Montenegro,LFS - Labour Force Survey,5.105,2014
,Montenegro,LFS - Labour Force Survey,4.966,2013
,Montenegro,LFS - Labour Force Survey,4.954,2012
,Montenegro,LFS - Labour Force Survey,5.161,2011
,Mongolia,LFS - Labour Force Survey,21.152,2024
,Mongolia,LFS - Labour Force Survey,19.895,2023
,Mongolia,LFS - Labour Force Survey,20.05,2022
,Mongolia,LFS - Labour Force Survey,17.739,2021
,Mongolia,LFS - Labour Force Survey,17.61,2020
,Mongolia,LFS - Labour Force Survey,13.903,2019
,Mongolia,LFS - Labour Force Survey,14.089,2018
,Mongolia,LFS - Labour Force Survey,14.49,2017
,Mongolia,LFS - Labour Force Survey,18.133,2016
,Mongolia,LFS - Labour Force Survey,15.973,2015
,Mongolia,LFS - Labour Force Survey,17.798,2014
,Mongolia,LFS - Labour Force Survey,16.746,2013
,Mongolia,LFS - Labour Force Survey,14.74,2012
,Mongolia,LFS - Labour Force Survey,11.237,2011
,Mongolia,LFS - Labour Force Survey,14.499,2010
,Mongolia,LFS - Labour Force Survey,10.932,2009
,Mongolia,LFS - Labour Force Survey,11.348,2008
,Mongolia,PC - Population Census,37.576,2000
,Mozambique,HIES - Household Budget Survey,18.245,2022
,Mozambique,HIES - Household Budget Survey,15.445,2015
,Mauritania,HIES - Living Standards Survey,3.796,2019
,Mauritania,LFS - National Reference Survey on Employment and Informal Sector,3.786,2017
,Mauritius,LFS - Continuous Multi-Purpose Household Survey,18.532,2024
,Mauritius,LFS - Continuous Multi-Purpose Household Survey,16.405,2023
,Mauritius,LFS - Continuous Multi-Purpose Household Survey,16.506,2022
,Mauritius,LFS - Continuous Multi-Purpose Household Survey,14.663,2021
,Mauritius,LFS - Continuous Multi-Purpose Household Survey,14.029,2020
,Mauritius,LFS - Continuous Multi-Purpose Household Survey,13.296,2019
,Mauritius,LFS - Continuous Multi-Purpose Household Survey,12.659,2018
,Mauritius,LFS - Continuous Multi-Purpose Household Survey,12.286,2017
,Mauritius,LFS - Continuous Multi-Purpose Household Survey,13.726,2016
,Mauritius,LFS - Continuous Multi-Purpose Household Survey,12.443,2015
,Mauritius,LFS - Continuous Multi-Purpose Household Survey,11.038,2014
,Mauritius,LFS - Continuous Multi-Purpose Household Survey,12.511,2013
,Mauritius,LFS - Continuous Multi-Purpose Household Survey,9.184,2012
,Mauritius,LFS - Continuous Multi-Purpose Household Survey,7.847,2011
,Malawi,LFS - Labour Force Survey,11.55,2024
,Malaysia,LFS - Labour Force Survey,236.4,2022
,Malaysia,LFS - Labour Force Survey,235.1,2021
,Malaysia,LFS - Labour Force Survey,223.4,2020
,Malaysia,LFS - Labour Force Survey,213.9,2019
,Malaysia,LFS - Labour Force Survey,216.4,2018
,Malaysia,LFS - Labour Force Survey,220.3,2017
,Malaysia,LFS - Labour Force Survey,208.7,2016
,Malaysia,LFS - Labour Force Survey,214.2,2015
,Malaysia,LFS - Labour Force Survey,210.075,2014
,Malaysia,LFS - Labour Force Survey,190.875,2013
,Malaysia,LFS - Labour Force Survey,187.35,2012
,Malaysia,LFS - Labour Force Survey,181.25,2011
,Malaysia,LFS - Labour Force Survey,162.15,2010
,Namibia,LFS - Labour Force Survey,5.235,2018
,Namibia,LFS - Labour Force Survey,5.902,2016
,Namibia,LFS - Labour Force Survey,4.081,2014
,Namibia,LFS - Labour Force Survey,5.591,2013
,Namibia,LFS - Labour Force Survey,6.041,2012
,New Caledonia,LFS - Labour Force Survey,1.381,2020
,New Caledonia,LFS - Labour Force Survey,0.728,2019
,New Caledonia,LFS - Labour Force Survey,1.178,2018
,New Caledonia,LFS - Labour Force Survey,1.584,2017
,Niger,LFS - National Survey on Employment and the Informal Sector,5.28,2017
,Niger,LFS - National Survey on Employment and the Informal Sector,5.272,2012
,Niger,HIES - National Survey on Household Living Conditions,6.758,2011
,Nigeria,"LFS - Unemployment, Under-employment Watch",163.924,2024
,Nigeria,"LFS - Unemployment, Under-employment Watch",267.236,2023
,Nigeria,"LFS - Unemployment, Under-employment Watch",319.973,2022
,Nigeria,HIES - Socio Economic Survey,372.26,2019
,Niue,PC - Population Census,0.045,2022
,Niue,PC - Population Census,0.039,2017
,Niue,HIES - Household Income and Expenditure Survey,0.04,2015
,Netherlands,LFS - EU Labour Force Survey,437.6,2025
,Netherlands,LFS - EU Labour Force Survey,434.815,2024
,Netherlands,LFS - EU Labour Force Survey,421.82,2023
,Netherlands,LFS - EU Labour Force Survey,432.704,2022
,Netherlands,LFS - EU Labour Force Survey,402.749,2021
,Netherlands,LFS - EU Labour Force Survey,309.876,2020
,Netherlands,LFS - EU Labour Force Survey,314.31,2019
,Netherlands,LFS - EU Labour Force Survey,285.262,2018
,Netherlands,LFS - EU Labour Force Survey,260.292,2017
,Netherlands,LFS - EU Labour Force Survey,266.701,2016
,Netherlands,LFS - EU Labour Force Survey,259.109,2015
,Netherlands,LFS - EU Labour Force Survey,247.304,2014
,Netherlands,LFS - EU Labour Force Survey,251.412,2013
,Netherlands,LFS - EU Labour Force Survey,284.091,2012
,Netherlands,LFS - EU Labour Force Survey,278.742,2011
,Netherlands,LFS - EU Labour Force Survey,296.356,2010
,Netherlands,LFS - EU Labour Force Survey,297.195,2009
,Netherlands,LFS - EU Labour Force Survey,311.045,2008
,Norway,LFS - EU Labour Force Survey,135.1,2025
,Norway,LFS - EU Labour Force Survey,129.781,2024
,Norway,LFS - EU Labour Force Survey,138.794,2023
,Norway,LFS - EU Labour Force Survey,126.189,2022
,Norway,LFS - EU Labour Force Survey,115.222,2021
,Norway,LFS - EU Labour Force Survey,108.884,2020
,Norway,LFS - EU Labour Force Survey,100.622,2019
,Norway,LFS - EU Labour Force Survey,105.245,2018
,Norway,LFS - EU Labour Force Survey,103.895,2017
,Norway,LFS - EU Labour Force Survey,97.354,2016
,Norway,LFS - EU Labour Force Survey,94.402,2015
,Norway,LFS - EU Labour Force Survey,113.132,2014
,Norway,LFS - EU Labour Force Survey,95.928,2013
,Norway,LFS - EU Labour Force Survey,101.501,2012
,Norway,LFS - EU Labour Force Survey,96.066,2011
,Norway,LFS - EU Labour Force Survey,93.447,2010
,Norway,LFS - EU Labour Force Survey,96.984,2009
,Norway,LFS - EU Labour Force Survey,89.453,2008
,Nepal,LFS - Labour Force Survey,60.263,2017
,Nauru,HIES - Household Income and Expenditure Survey,,2024
,Nauru,PC - Population Census,0.017,2021
,Nauru,HIES - Household Income and Expenditure Survey,0.031,2013
,New Zealand,LFS - Household Labour Force Survey,91.7,2015
,New Zealand,LFS - Household Labour Force Survey,85.3,2014
,New Zealand,LFS - Household Labour Force Survey,85.5,2013
,New Zealand,LFS - Household Labour Force Survey,83.1,2012
,New Zealand,LFS - Household Labour Force Survey,77.9,2011
,New Zealand,LFS - Household Labour Force Survey,73.3,2010
,New Zealand,LFS - Household Labour Force Survey,70.9,2009
,Oman,OE - Official Estimates,13.298,2021
,Oman,OE - Official Estimates,12.119,2020
,Oman,OE - Official Estimates,11.751,2018
,Pakistan,LFS - Labour Force Survey,493.169,2025
,Pakistan,LFS - Labour Force Survey,293.592,2021
,Pakistan,HIES - Household Income and Expenditure Survey,309.005,2020
,Pakistan,LFS - Labour Force Survey,276.808,2019
,Pakistan,LFS - Labour Force Survey,319.658,2018
,Pakistan,LFS - Labour Force Survey,242.698,2016
,Pakistan,LFS - Labour Force Survey,234.301,2015
,Pakistan,LFS - Labour Force Survey,249.931,2014
,Pakistan,LFS - Labour Force Survey,276.714,2013
,Pakistan,HIES - Household Income and Expenditure Survey,350.348,2012
,Panama,LFS - Labour Market Survey,15.552,2024
,Panama,LFS - Labour Market Survey,19.4,2023
,Panama,HS - Multipurpose Household Survey,6.809,2022
,Panama,LFS - Labour Market Survey,21.879,2021
,Panama,LFS - Labour Market Survey,23.986,2020
,Panama,LFS - Labour Market Survey,27.443,2019
,Panama,LFS - Labour Market Survey,27.858,2018
,Panama,LFS - Labour Market Survey,23.621,2017
,Panama,LFS - Labour Market Survey,22.548,2016
,Panama,LFS - Labour Market Survey,21.008,2015
,Panama,LFS - Labour Market Survey,14.316,2014
,Panama,LFS - Labour Market Survey,19.852,2013
,Panama,LFS - Labour Market Survey,21.298,2012
,Panama,LFS - Labour Market Survey,16.606,2011
,Peru,"LFS - Permanent Employment Survey, National",135.844,2025
,Peru,"LFS - Permanent Employment Survey, National",135.054,2024
,Peru,"LFS - Permanent Employment Survey, National",136.099,2023
,Peru,"LFS - Permanent Employment Survey, National",136.983,2022
,Peru,HS - National Household Survey,136.045,2021
,Peru,HS - National Household Survey,98.64,2020
,Peru,HS - National Household Survey,144.972,2019
,Peru,HS - National Household Survey,155.417,2018
,Peru,HS - National Household Survey,156.977,2017
,Peru,HS - National Household Survey,172.544,2016
,Peru,HS - National Household Survey,159.413,2015
,Peru,HS - National Household Survey,171.125,2014
,Peru,HS - National Household Survey,162.25,2013
,Peru,HS - National Household Survey,172.854,2012
,Peru,HS - National Household Survey,184.171,2011
,Peru,HS - National Household Survey,203.69,2010
,Peru,HS - National Household Survey,213.116,2009
,Peru,HS - National Household Survey,175.002,2008
,Peru,HS - National Household Survey,205.063,2007
,Philippines,LFS - Labour Force Survey,531.729,2023
,Philippines,LFS - Labour Force Survey,456.638,2022
,Philippines,LFS - Labour Force Survey,404.783,2021
,Philippines,LFS - Labour Force Survey,349.646,2020
,Philippines,LFS - Labour Force Survey,425.442,2019
,Philippines,LFS - Labour Force Survey,403.495,2018
,Philippines,LFS - Labour Force Survey,396.667,2017
,Philippines,LFS - Labour Force Survey,366.49,2016
,Philippines,LFS - Labour Force Survey,384.206,2015
,Philippines,LFS - Labour Force Survey,354.067,2014
,Philippines,LFS - Labour Force Survey,344.451,2013
,Philippines,LFS - Labour Force Survey,338.034,2012
,Palau,HIES - Household Income and Expenditure Survey,0.143,2023
,Palau,PC - Population Census,0.192,2020
,Palau,HIES - Household Income and Expenditure Survey,0.14,2014
,Papua New Guinea,HS - Socio-Demographic and Economic Survey,9.207,2022
,Poland,LFS - Labour Force Survey,687.155,2025
,Poland,LFS - Labour Force Survey,670.739,2024
,Poland,LFS - Labour Force Survey,603.375,2023
,Poland,LFS - Labour Force Survey,490.135,2022
,Poland,LFS - Labour Force Survey,486.08,2021
,Poland,LFS - Labour Force Survey,439.319,2020
,Poland,LFS - Labour Force Survey,430.639,2019
,Poland,LFS - Labour Force Survey,409.338,2018
,Poland,LFS - Labour Force Survey,378.998,2017
,Poland,LFS - Labour Force Survey,360.022,2016
,Poland,LFS - Labour Force Survey,369.009,2015
,Poland,LFS - Labour Force Survey,355.647,2014
,Poland,LFS - Labour Force Survey,329.975,2013
,Poland,LFS - Labour Force Survey,315.572,2012
,Poland,LFS - Labour Force Survey,299.86,2011
,Poland,LFS - Labour Force Survey,302.48,2010
,Poland,LFS - Labour Force Survey,317.696,2009
,Poland,LFS - Labour Force Survey,296.081,2008
,Portugal,LFS - EU Labour Force Survey,222.3,2025
,Portugal,LFS - EU Labour Force Survey,206.033,2024
,Portugal,LFS - EU Labour Force Survey,170.209,2023
,Portugal,LFS - EU Labour Force Survey,184.471,2022
,Portugal,LFS - EU Labour Force Survey,167.893,2021
,Portugal,LFS - EU Labour Force Survey,147.828,2020
,Portugal,LFS - EU Labour Force Survey,138.581,2019
,Portugal,LFS - EU Labour Force Survey,123.796,2018
,Portugal,LFS - EU Labour Force Survey,115.182,2017
,Portugal,LFS - EU Labour Force Survey,111.785,2016
,Portugal,LFS - EU Labour Force Survey,104.334,2015
,Portugal,LFS - EU Labour Force Survey,107.366,2014
,Portugal,LFS - EU Labour Force Survey,89.842,2013
,Portugal,LFS - EU Labour Force Survey,83.692,2012
,Portugal,LFS - EU Labour Force Survey,80.115,2011
,Portugal,LFS - EU Labour Force Survey,103.469,2010
,Portugal,LFS - EU Labour Force Survey,90.55,2009
,Portugal,LFS - EU Labour Force Survey,90.941,2008
,Palestine (State of),LFS - Labour Force Survey,9.509,2025
,Palestine (State of),LFS - Labour Force Survey,8.482,2024
,Palestine (State of),LFS - Labour Force Survey,14.952,2022
,Palestine (State of),LFS - Labour Force Survey,12.904,2021
,Palestine (State of),LFS - Labour Force Survey,12.268,2020
,Palestine (State of),LFS - Labour Force Survey,9.982,2019
,Palestine (State of),LFS - Labour Force Survey,10.713,2018
,Palestine (State of),LFS - Labour Force Survey,10.188,2017
,Palestine (State of),LFS - Labour Force Survey,9.802,2016
,Palestine (State of),LFS - Labour Force Survey,8.501,2015
,Palestine (State of),LFS - Labour Force Survey,8.143,2014
,Palestine (State of),LFS - Labour Force Survey,7.603,2013
,Palestine (State of),LFS - Labour Force Survey,8.229,2012
,French Polynesia,ADM - Administrative records and related sources,1.132,2011
,French Polynesia,ADM - Administrative records and related sources,1.162,2010
,French Polynesia,ADM - Administrative records and related sources,1.083,2009
,French Polynesia,ADM - Administrative records and related sources,1.003,2008
,French Polynesia,ADM - Administrative records and related sources,0.864,2006
,French Polynesia,ADM - Administrative records and related sources,0.823,2005
,French Polynesia,ADM - Administrative records and related sources,0.803,2004
,French Polynesia,ADM - Administrative records and related sources,0.808,2003
,French Polynesia,ADM - Administrative records and related sources,0.84,2001
,French Polynesia,ADM - Administrative records and related sources,0.772,2000
,French Polynesia,ADM - Administrative records and related sources,0.698,1999
,French Polynesia,ADM - Administrative records and related sources,0.604,1998
,French Polynesia,ADM - Administrative records and related sources,0.569,1997
,French Polynesia,ADM - Administrative records and related sources,0.504,1995
,Qatar,LFS - Labor Force Sample Survey,25.997,2024
,Qatar,LFS - Labor Force Sample Survey,24.368,2022
,Qatar,LFS - Labor Force Sample Survey,20.751,2021
,Qatar,LFS - Labor Force Sample Survey,21.153,2020
,Qatar,LFS - Labor Force Sample Survey,15.15,2019
,Qatar,LFS - Labor Force Sample Survey,15.806,2018
,Qatar,LFS - Labor Force Sample Survey,16.334,2017
,Qatar,LFS - Labor Force Sample Survey,15.525,2016
,Qatar,LFS - Labor Force Sample Survey,13.383,2015
,Qatar,LFS - Labor Force Sample Survey,12.511,2013
,Qatar,LFS - Labor Force Sample Survey,11.417,2012
,Qatar,LFS - Labor Force Sample Survey,9.924,2011
,Réunion,LFS - Labour Force Survey,3.38,2012
,Romania,LFS - Household Labour Force Survey,204.7,2025
,Romania,LFS - Household Labour Force Survey,206.685,2024
,Romania,LFS - Household Labour Force Survey,182.287,2023
,Romania,LFS - Household Labour Force Survey,201.83,2022
,Romania,LFS - Household Labour Force Survey,198.439,2021
,Romania,LFS - Household Labour Force Survey,190.778,2020
,Romania,LFS - Household Labour Force Survey,177.638,2019
,Romania,LFS - Household Labour Force Survey,185.417,2018
,Romania,LFS - Household Labour Force Survey,186.962,2017
,Romania,LFS - Household Labour Force Survey,168.349,2016
,Romania,LFS - Household Labour Force Survey,172.84,2015
,Romania,LFS - Household Labour Force Survey,147.596,2014
,Romania,LFS - Household Labour Force Survey,144.561,2013
,Romania,LFS - Household Labour Force Survey,146.54,2012
,Romania,LFS - Household Labour Force Survey,120.377,2011
,Romania,LFS - Household Labour Force Survey,116.325,2010
,Romania,LFS - Household Labour Force Survey,123.291,2009
,Romania,LFS - Household Labour Force Survey,119.036,2008
,Russian Federation,LFS - Labour Force Survey,1577.688,2025
,Russian Federation,LFS - Labour Force Survey,1521.603,2024
,Russian Federation,LFS - Labour Force Survey,1430.244,2023
,Russian Federation,LFS - Labour Force Survey,1317.664,2022
,Russian Federation,LFS - Labour Force Survey,1277.949,2021
,Russian Federation,LFS - Labour Force Survey,1324.036,2020
,Russian Federation,LFS - Labour Force Survey,1260.167,2019
,Russian Federation,LFS - Labour Force Survey,1239.057,2018
,Russian Federation,LFS - Labour Force Survey,1258.579,2017
,Russian Federation,LFS - Labour Force Survey,1246.496,2009
,Russian Federation,LFS - Labour Force Survey,1256.294,2008
,Russian Federation,LFS - Labour Force Survey,1302.911,2007
,Russian Federation,LFS - Labour Force Survey,1239.538,2006
,Russian Federation,LFS - Labour Force Survey,1182.812,2005
,Rwanda,LFS - Labour Force Survey,12.127,2024
,Rwanda,LFS - Labour Force Survey,11.279,2023
,Rwanda,LFS - Labour Force Survey,8.228,2022
,Rwanda,LFS - Labour Force Survey,12.026,2021
,Rwanda,LFS - Labour Force Survey,11.01,2020
,Rwanda,LFS - Labour Force Survey,11.515,2019
,Rwanda,LFS - Labour Force Survey,13.669,2018
,Rwanda,LFS - Labour Force Survey,11.105,2017
,Rwanda,HIES - Integrated Household Survey on Living Conditions,9.307,2014
,Rwanda,PC - Population Census,5.725,2012
,Saudi Arabia,LFS - Labour Force Survey,121.35,2014
,Saudi Arabia,LFS - Labour Force Survey,105.45,2013
,Sudan,LFS - Labor Market Panel Survey,26.446,2022
,Sudan,LFS - Labor Market Panel Survey,41.184,2011
,Senegal,LFS - National Employment Survey,27.816,2024
,Senegal,LFS - National Employment Survey,30.921,2023
,Senegal,LFS - National Employment Survey,35.996,2022
,Senegal,LFS - National Employment Survey,19.705,2019
,Senegal,LFS - National Employment Survey,13.191,2016
,Senegal,LFS - National Employment Survey,25.953,2015
,Senegal,HS - Survey To Monitor Poverty,112.28,2011
,Singapore,LFS - Labour Force Survey,139.148,2024
,Singapore,LFS - Labour Force Survey,135.979,2023
,Singapore,LFS - Labour Force Survey,132.8,2022
,Singapore,LFS - Labour Force Survey,120.409,2021
,Singapore,LFS - Labour Force Survey,111.4,2020
,Singapore,LFS - Labour Force Survey,102.6,2019
,Singapore,LFS - Labour Force Survey,94.1,2018
,Singapore,LFS - Labour Force Survey,91.3,2017
,Singapore,LFS - Labour Force Survey,87,2016
,Singapore,LFS - Labour Force Survey,86.1,2015
,Singapore,LFS - Labour Force Survey,87.8,2014
,Singapore,LFS - Labour Force Survey,92.1,2013
,Singapore,LFS - Labour Force Survey,85.8,2012
,Singapore,LFS - Labour Force Survey,85.4,2011
,Singapore,LFS - Labour Force Survey,87,2008
,Singapore,LFS - Labour Force Survey,87.8,2007
,Singapore,LFS - Labour Force Survey,74.8,2006
,Solomon Islands,HIES - Household Income and Expenditure Survey,2.117,2013
,Sierra Leone,HS - Integrated Household Survey,10.8,2018
,Sierra Leone,LFS - Labour Force Survey,2.805,2014
,El Salvador,HS - Multi-purpose Household Survey,34.258,2024
,El Salvador,HS - Multi-purpose Household Survey,35.531,2023
,El Salvador,HS - Multi-purpose Household Survey,27.024,2022
,El Salvador,HS - Multi-purpose Household Survey,23.773,2021
,El Salvador,HS - Multi-purpose Household Survey,21.978,2020
,El Salvador,HS - Multi-purpose Household Survey,25.671,2019
,El Salvador,HS - Multi-purpose Household Survey,26.247,2018
,El Salvador,HS - Multi-purpose Household Survey,23.87,2017
,El Salvador,HS - Multi-purpose Household Survey,26.395,2016
,El Salvador,HS - Multi-purpose Household Survey,32.42,2015
,El Salvador,HS - Multi-purpose Household Survey,27.302,2014
,El Salvador,HS - Multi-purpose Household Survey,25.277,2013
,El Salvador,HS - Multi-purpose Household Survey,25.558,2012
,El Salvador,HS - Multi-purpose Household Survey,22,2010
,San Marino,"OE - Estimates of the Office of economic planning, data processing and statistics",0.523,2022
,San Marino,"OE - Estimates of the Office of economic planning, data processing and statistics",0.511,2021
,San Marino,"OE - Estimates of the Office of economic planning, data processing and statistics",0.504,2020
,San Marino,"OE - Estimates of the Office of economic planning, data processing and statistics",0.465,2019
,San Marino,"OE - Estimates of the Office of economic planning, data processing and statistics",0.454,2018
,San Marino,"OE - Estimates of the Office of economic planning, data processing and statistics",0.793,2016
,San Marino,"OE - Estimates of the Office of economic planning, data processing and statistics",0.725,2015
,San Marino,"OE - Estimates of the Office of economic planning, data processing and statistics",0,2010
,San Marino,"OE - Estimates of the Office of economic planning, data processing and statistics",0,2009
,Somalia,HIES - Integrated Household Budget Survey,11.263,2022
,Somalia,LFS - Labour Force Survey,15.863,2019
,Serbia,LFS - Labour Force Survey,511.856,2025
,Serbia,LFS - Labour Force Survey,125.917,2024
,Serbia,LFS - Labour Force Survey,122.208,2023
,Serbia,LFS - Labour Force Survey,109.938,2022
,Serbia,LFS - Labour Force Survey,109.45,2021
,Serbia,LFS - Labour Force Survey,90.518,2020
,Serbia,LFS - Labour Force Survey,78.421,2019
,Serbia,LFS - Labour Force Survey,72.552,2018
,Serbia,LFS - Labour Force Survey,66.427,2017
,Serbia,LFS - Labour Force Survey,61.677,2016
,Serbia,LFS - Labour Force Survey,59.817,2015
,Serbia,LFS - Labour Force Survey,60.678,2014
,Serbia,LFS - Labour Force Survey,47.703,2013
,Serbia,LFS - Labour Force Survey,33.638,2012
,Serbia,LFS - Labour Force Survey,44.387,2011
,Sao Tome and Principe,HIES - Household Budget Survey,0.298,2017
,Suriname,HIES - Survey on Living Conditions,4.896,2016
,Suriname,LFS - Continuous Household Sample Survey,3.052,2015
,Suriname,LFS - Continuous Household Sample Survey,2.33,2013
,Slovakia,LFS - Labour Force Survey,107.1,2025
,Slovakia,LFS - Labour Force Survey,112.229,2024
,Slovakia,LFS - Labour Force Survey,73.093,2023
,Slovakia,LFS - Labour Force Survey,107.868,2022
,Slovakia,LFS - Labour Force Survey,79.335,2021
,Slovakia,LFS - Labour Force Survey,92.878,2020
,Slovakia,LFS - Labour Force Survey,76.603,2019
,Slovakia,LFS - Labour Force Survey,67.792,2018
,Slovakia,LFS - Labour Force Survey,66.751,2017
,Slovakia,LFS - Labour Force Survey,16.335,2016
,Slovakia,LFS - Labour Force Survey,49.999,2015
,Slovakia,LFS - Labour Force Survey,64.836,2014
,Slovakia,LFS - Labour Force Survey,39.677,2013
,Slovakia,LFS - Labour Force Survey,61.063,2012
,Slovakia,LFS - Labour Force Survey,14.333,2011
,Slovakia,LFS - Labour Force Survey,41.361,2010
,Slovakia,LFS - Labour Force Survey,48.746,2009
,Slovakia,LFS - Labour Force Survey,45.846,2008
,Slovenia,LFS - Labour Force Survey,36.3,2025
,Slovenia,LFS - Labour Force Survey,35.039,2024
,Slovenia,LFS - Labour Force Survey,30.826,2023
,Slovenia,LFS - Labour Force Survey,36.266,2022
,Slovenia,LFS - Labour Force Survey,37.634,2021
,Slovenia,LFS - Labour Force Survey,38.868,2020
,Slovenia,LFS - Labour Force Survey,33.674,2019
,Slovenia,LFS - Labour Force Survey,32.989,2018
,Slovenia,LFS - Labour Force Survey,33.502,2017
,Slovenia,LFS - Labour Force Survey,30.528,2016
,Slovenia,LFS - Labour Force Survey,33.478,2015
,Slovenia,LFS - Labour Force Survey,30.753,2014
,Slovenia,LFS - Labour Force Survey,28.99,2013
,Slovenia,LFS - Labour Force Survey,26.938,2012
,Slovenia,LFS - Labour Force Survey,29.874,2011
,Slovenia,LFS - Labour Force Survey,32.323,2010
,Slovenia,LFS - Labour Force Survey,31.044,2009
,Slovenia,LFS - Labour Force Survey,28.764,2008
,Sweden,LFS - EU Labour Force Survey,303,2025
,Sweden,LFS - EU Labour Force Survey,303.06,2024
,Sweden,LFS - EU Labour Force Survey,321.115,2023
,Sweden,LFS - EU Labour Force Survey,314.718,2022
,Sweden,LFS - EU Labour Force Survey,292.488,2021
,Sweden,LFS - EU Labour Force Survey,269.914,2020
,Sweden,LFS - EU Labour Force Survey,255.176,2019
,Sweden,LFS - EU Labour Force Survey,239.192,2018
,Sweden,LFS - EU Labour Force Survey,223.997,2017
,Sweden,LFS - EU Labour Force Survey,207.431,2016
,Sweden,LFS - EU Labour Force Survey,202.677,2015
,Sweden,LFS - EU Labour Force Survey,197.075,2014
,Sweden,LFS - EU Labour Force Survey,196.553,2013
,Sweden,LFS - EU Labour Force Survey,200.49,2012
,Sweden,LFS - EU Labour Force Survey,191.397,2011
,Sweden,LFS - EU Labour Force Survey,174.966,2010
,Sweden,LFS - EU Labour Force Survey,179.519,2009
,Sweden,LFS - EU Labour Force Survey,181.821,2008
,Eswatini,LFS - Labour Force Survey,3.493,2023
,Eswatini,LFS - Labour Force Survey,3.406,2021
,Eswatini,LFS - Labour Force Survey,2.262,2016
,Seychelles,LFS - Labour Force Survey,0.451,2024
,Seychelles,LFS - Labour Force Survey,0.837,2023
,Seychelles,LFS - Labour Force Survey,0.938,2020
,Seychelles,LFS - Labour Force Survey,0.778,2019
,Seychelles,LFS - Labour Force Survey,0.899,2018
,Seychelles,LFS - Labour Force Survey,0.832,2017
,Seychelles,LFS - Labour Force Survey,0.772,2016
,Seychelles,LFS - Labour Force Survey,0.532,2015
,Seychelles,LFS - Labour Force Survey,0.821,2014
,Seychelles,LFS - Labour Force Survey,0.517,2011
,Chad,HIES - Modular and Integrated Household Survey on Living Conditions,5.209,2022
,Chad,HIES - Modular and Integrated Household Survey on Living Conditions,3.971,2018
,Togo,HIES - Living Standards Measurement Survey,20.127,2022
,Togo,LFS - Regional Integrated Survey on Employment and the Informal Sector,12.789,2017
,Thailand,LFS - Labour Force Survey,184.284,2024
,Thailand,LFS - Labour Force Survey,200.151,2023
,Thailand,LFS - Labour Force Survey,238.419,2022
,Thailand,LFS - Labour Force Survey,201.106,2021
,Thailand,LFS - Labour Force Survey,222.102,2020
,Thailand,LFS - Labour Force Survey,196.298,2019
,Thailand,LFS - Labour Force Survey,199.011,2018
,Thailand,LFS - Labour Force Survey,219.679,2017
,Thailand,LFS - Labour Force Survey,231.254,2016
,Thailand,LFS - Labour Force Survey,241.746,2015
,Thailand,LFS - Labour Force Survey,247.949,2014
,Thailand,LFS - Labour Force Survey,198.8,2013
,Thailand,LFS - Labour Force Survey,213.581,2012
,Thailand,LFS - Labour Force Survey,171.22,2011
,Tajikistan,LFS - Labour Force Survey,12.052,2018
,Tajikistan,LFS - Labour Force Survey,13.037,2016
,Tajikistan,LFS - Labour Force Survey,9.925,2009
,Timor-Leste,PC - Population Census,0.469,2022
,Timor-Leste,LFS - Labour Force Survey,0.603,2021
,Timor-Leste,LFS - Labour Force Survey,8.503,2016
,Timor-Leste,PC - Population Census,8.586,2015
,Timor-Leste,LFS - Labour Force Survey,4.833,2013
,Timor-Leste,LFS - Labour Force Survey,2.179,2010
,Tonga,LFS - Labour Force Survey,0.448,2023
,Tonga,HIES - Household Income and Expenditure Survey,0.441,2021
,Tonga,LFS - Labour Force Survey,0.469,2018
,Tonga,HIES - Household Income and Expenditure Survey,0.518,2016
,Trinidad and Tobago,LFS - Continuous Sample Survey of the Population,47.998,2024
,Trinidad and Tobago,LFS - Continuous Sample Survey of the Population,44.69,2023
,Trinidad and Tobago,LFS - Continuous Sample Survey of the Population,47.629,2022
,Trinidad and Tobago,LFS - Continuous Sample Survey of the Population,47.631,2021
,Trinidad and Tobago,LFS - Continuous Sample Survey of the Population,48.075,2020
,Trinidad and Tobago,LFS - Continuous Sample Survey of the Population,51.462,2019
,Tunisia,LFS - National Population and Employment Survey,43.091,2023
,Tunisia,LFS - National Population and Employment Survey,45.472,2022
,Tunisia,HIES - National Survey on Household Budget and Consumption,62.275,2021
,Tunisia,LFS - National Population and Employment Survey,49.386,2019
,Türkiye,LFS - Household Labour Force Survey,377.7,2025
,Türkiye,LFS - Household Labour Force Survey,345.529,2024
,Türkiye,LFS - Household Labour Force Survey,313.45,2023
,Türkiye,LFS - Household Labour Force Survey,281.62,2022
,Türkiye,LFS - Household Labour Force Survey,246.924,2021
,Türkiye,LFS - Household Labour Force Survey,241.053,2020
,Türkiye,LFS - Household Labour Force Survey,233.606,2019
,Türkiye,LFS - Household Labour Force Survey,230.602,2018
,Türkiye,LFS - Household Labour Force Survey,257.684,2017
,Türkiye,LFS - Household Labour Force Survey,248.208,2016
,Türkiye,LFS - Household Labour Force Survey,251.001,2015
,Türkiye,LFS - Household Labour Force Survey,227.243,2014
,Türkiye,LFS - Household Labour Force Survey,254.381,2013
,Türkiye,LFS - Household Labour Force Survey,237.812,2012
,Türkiye,LFS - Household Labour Force Survey,210.738,2011
,Türkiye,LFS - Household Labour Force Survey,204.362,2010
,Türkiye,LFS - Household Labour Force Survey,156.5,2009
,Türkiye,LFS - Household Labour Force Survey,170.52,2008
,Türkiye,LFS - Household Labour Force Survey,174.951,2007
,Türkiye,LFS - Household Labour Force Survey,159.379,2006
,Türkiye,LFS - Household Labour Force Survey,152.024,2005
,Türkiye,LFS - Household Labour Force Survey,144.864,2004
,Tuvalu,PC - Population Census,0.074,2022
,Tuvalu,PC - Population Census,0.072,2017
,Tuvalu,HIES - Household Income and Expenditure Survey,0.059,2016
,"Taiwan, China",LFS - Labour Force Survey,266.083,2020
,"Taiwan, China",LFS - Labour Force Survey,262.417,2019
,"Taiwan, China",LFS - Labour Force Survey,258.417,2018
,"Taiwan, China",LFS - Labour Force Survey,253.167,2017
,"Taiwan, China",LFS - Labour Force Survey,248,2016
,"Taiwan, China",LFS - Labour Force Survey,246,2015
,"Taiwan, China",LFS - Labour Force Survey,241,2014
,"Taiwan, China",LFS - Labour Force Survey,233,2013
,"Taiwan, China",LFS - Labour Force Survey,229,2012
,"Taiwan, China",LFS - Labour Force Survey,217,2011
,"Taiwan, China",LFS - Labour Force Survey,208,2010
,"Taiwan, China",LFS - Labour Force Survey,208,2009
,"Taiwan, China",LFS - Labour Force Survey,204,2008
,"Taiwan, China",LFS - Labour Force Survey,207,2007
,"Taiwan, China",LFS - Labour Force Survey,209,2006
,"Taiwan, China",LFS - Labour Force Survey,199,2005
,"Taiwan, China",LFS - Labour Force Survey,195,2004
,"Taiwan, China",LFS - Labour Force Survey,187,2003
,"Taiwan, China",LFS - Labour Force Survey,190,2002
,"Taiwan, China",LFS - Labour Force Survey,190,2001
,"Tanzania, United Republic of",LFS - Labour Force Survey,57.789,2024
,"Tanzania, United Republic of",LFS - Labour Force Survey,43.037,2020
,"Tanzania, United Republic of",LFS - Labour Force Survey,32.234,2014
,"Tanzania, United Republic of",HIES - National Panel Survey,45.552,2012
,"Tanzania, United Republic of",HIES - National Panel Survey,72.193,2010
,"Tanzania, United Republic of",HIES - National Panel Survey,39.368,2008
,Uganda,LFS - National Labour Force Survey,40.972,2021
,Uganda,HIES - National Household Survey,39.28,2019
,Uganda,LFS - National Labour Force Survey,31.86,2017
,Uganda,HIES - National Household Survey,19.331,2014
,Uganda,LFS - National Labour Force Survey,25.433,2012
,Uganda,HIES - National Household Survey,243.371,2011
,Uganda,HIES - National Household Survey,346.469,2010
,Uganda,HIES - National Household Survey,16.107,2009
,Ukraine,LFS - Labour Force Survey,301.48,2021
,Ukraine,LFS - Labour Force Survey,304.754,2020
,Ukraine,LFS - Labour Force Survey,300.33,2019
,Ukraine,LFS - Labour Force Survey,293.222,2018
,Ukraine,LFS - Labour Force Survey,280.5,2017
,Ukraine,LFS - Labour Force Survey,278.3,2016
,Ukraine,LFS - Labour Force Survey,284.2,2015
,Ukraine,LFS - Labour Force Survey,295.9,2014
,Ukraine,LFS - Labour Force Survey,298.3,2013
,Uruguay,LFS - Continous Household Survey,45.673,2024
,Uruguay,LFS - Continous Household Survey,42.933,2023
,Uruguay,LFS - Continous Household Survey,47.542,2022
,Uruguay,LFS - Continous Household Survey,45.835,2021
,Uruguay,LFS - Continous Household Survey,37.985,2020
,Uruguay,LFS - Continous Household Survey,35.472,2019
,Uruguay,LFS - Continous Household Survey,34.97,2018
,Uruguay,LFS - Continous Household Survey,35.351,2017
,Uruguay,LFS - Continous Household Survey,34.931,2016
,Uruguay,LFS - Continous Household Survey,38.175,2015
,Uruguay,LFS - Continous Household Survey,36.058,2014
,Uruguay,LFS - Continous Household Survey,32.139,2013
,Uruguay,LFS - Continous Household Survey,29.102,2012
,Uruguay,LFS - Continous Household Survey,34.16,2011
,United States of America,LFS - Current Population Survey,6121.482,2025
,United States of America,LFS - Current Population Survey,6687.441,2024
,United States of America,LFS - Current Population Survey,6883.354,2023
,United States of America,LFS - Current Population Survey,6889.796,2022
,United States of America,LFS - Current Population Survey,6548.429,2021
,United States of America,LFS - Current Population Survey,6270.922,2020
,United States of America,LFS - Current Population Survey,6305.639,2019
,United States of America,LFS - Current Population Survey,6063.828,2018
,United States of America,LFS - Current Population Survey,5781.849,2017
,United States of America,LFS - Current Population Survey,5526.362,2016
,United States of America,LFS - Current Population Survey,5345.297,2015
,United States of America,LFS - Current Population Survey,5246.112,2014
,United States of America,LFS - Current Population Survey,5079.649,2013
,United States of America,LFS - Current Population Survey,4862.072,2012
,United States of America,LFS - Current Population Survey,4869.195,2011
,United States of America,LFS - Current Population Survey,4837.162,2010
,United States of America,LFS - Current Population Survey,4859.966,2009
,United States of America,LFS - Current Population Survey,5178.828,2008
,United States of America,LFS - Current Population Survey,5122.56,2007
,United States of America,LFS - Current Population Survey,4977.233,2006
,United States of America,LFS - Current Population Survey,4751.799,2005
,United States of America,LFS - Current Population Survey,4861.343,2004
,United States of America,LFS - Current Population Survey,5020.713,2003
,Uzbekistan,LFS - Labour Force Survey,232.324,2020
,Uzbekistan,HS - General Household Survey,62.2,2019
,Uzbekistan,HS - General Household Survey,62.7,2018
,Uzbekistan,HS - General Household Survey,64.3,2017
,Uzbekistan,HS - General Household Survey,63.6,2016
,Uzbekistan,HS - General Household Survey,61.7,2015
,Uzbekistan,HS - General Household Survey,59.8,2014
,Uzbekistan,HS - General Household Survey,58,2013
,Uzbekistan,HS - General Household Survey,56.3,2012
,Uzbekistan,HS - General Household Survey,54.7,2011
,Uzbekistan,HS - General Household Survey,53.1,2010
,Viet Nam,LFS - Labour Force Survey,334.675,2024
,Viet Nam,LFS - Labour Force Survey,339.383,2023
,Viet Nam,LFS - Labour Force Survey,316.353,2022
,Viet Nam,LFS - Labour Force Survey,284.641,2021
,Viet Nam,LFS - Labour Force Survey,345.456,2020
,Viet Nam,LFS - Labour Force Survey,365.732,2019
,Viet Nam,LFS - Labour Force Survey,321.02,2018
,Viet Nam,LFS - Labour Force Survey,338.253,2017
,Viet Nam,LFS - Labour Force Survey,325.119,2016
,Viet Nam,LFS - Labour Force Survey,338.006,2015
,Viet Nam,LFS - Labour Force Survey,317.999,2014
,Viet Nam,LFS - Labour Force Survey,266.931,2013
,Viet Nam,LFS - Labour Force Survey,283.524,2012
,Viet Nam,LFS - Labour Force Survey,272.993,2011
,Viet Nam,LFS - Labour Force Survey,259.554,2010
,Viet Nam,LFS - Labour Force Survey,255.502,2009
,Viet Nam,LFS - Labour Force Survey,251.698,2007
,Vanuatu,PC - Population and Housing Census,0.625,2020
,Vanuatu,HIES - Household Income and Expenditure Survey,0.521,2019
,Vanuatu,HIES - Household Income and Expenditure Survey,0.595,2010
,Vanuatu,PC - Population and Housing Census,0.693,2009
,Vanuatu,HIES - Household Income and Expenditure Survey,0.996,2006
,Wallis and Futuna,PC - Population Census,0.086,2023
,Wallis and Futuna,HIES - Household Income and Expenditure Survey,0.105,2019
,Wallis and Futuna,PC - Population Census,0.103,2018
,Samoa,LFS - Labour Force Survey,0.514,2022
,Samoa,HIES - Household Income and Expenditure Survey,0.486,2018
,Samoa,LFS - Labour Force Survey,0.557,2017
,Samoa,LFS - Labour Force Survey,0.524,2014
,Samoa,LFS - Labour Force Survey,0.524,2012
,Samoa,PC - Population Census,0.614,2011
,Zambia,LFS - Labour Force Survey,13.261,2024
,Zambia,LFS - Labour Force Survey,19.443,2023
,Zambia,LFS - Labour Force Survey,16.641,2022
,Zambia,LFS - Labour Force Survey,19.215,2021
,Zambia,LFS - Labour Force Survey,21.105,2020
,Zambia,LFS - Labour Force Survey,15.461,2019
,Zambia,LFS - Labour Force Survey,17.949,2018
,Zambia,LFS - Labour Force Survey,12.493,2017
,Zambia,HIES - Living Conditions Monitoring Survey,20.975,2015
,Zambia,LFS - Labour Force Survey,42.717,2012
,Zambia,LFS - Labour Force Survey,17.425,2008
,Zimbabwe,LFS - Labour Force Survey,17.729,2024
,Zimbabwe,LFS - Labour Force Survey,20.126,2023
,Zimbabwe,LFS - Labour Force Survey,19.563,2022
,Zimbabwe,LFS - Labour Force Survey,18.886,2021
,Zimbabwe,LFS - Labour Force Survey,12.68,2019
,Zimbabwe,LFS - Labour Force Survey,25.619,2014
,Zimbabwe,LFS - Labour Force Survey,16.076,2011
